Any,Mes,Desc_Mes,Precipitacions,Temperatura mediana
1786,1,Gener,32.8,7.8
1786,2,Febrer,28.4,8.3
1786,3,Març,84.4,9.9
1786,4,Abril,42.3,12.8
1786,5,Maig,8.5,16.8
1786,6,Juny,38.0,20.2
1786,7,Juliol,6.8,20.9
1786,8,Agost,52.1,21.1
1786,9,Setembre,62.0,19.5
1786,10,Octubre,57.0,15.5
1786,11,Novembre,195.8,9.2
1786,12,Desembre,114.1,8.3
1787,1,Gener,136.4,5.4
1787,2,Febrer,27.4,7.8
1787,3,Març,44.6,11.3
1787,4,Abril,76.9,12.1
1787,5,Maig,0.0,14.7
1787,6,Juny,29.8,19.2
1787,7,Juliol,34.7,21.0
1787,8,Agost,14.9,21.8
1787,9,Setembre,205.8,19.4
1787,10,Octubre,12.4,15.5
1787,11,Novembre,42.2,9.3
1787,12,Desembre,0.0,10.8
1788,1,Gener,9.9,6.4
1788,2,Febrer,14.9,10.1
1788,3,Març,32.2,10.4
1788,4,Abril,12.4,12.5
1788,5,Maig,7.5,17.1
1788,6,Juny,146.3,19.2
1788,7,Juliol,59.4,22.1
1788,8,Agost,29.8,23.0
1788,9,Setembre,123.9,19.1
1788,10,Octubre,163.6,15.5
1788,11,Novembre,106.6,10.5
1788,12,Desembre,22.3,5.4
1789,1,Gener,12.4,6.9
1789,2,Febrer,12.4,9.3
1789,3,Març,23.6,8.7
1789,4,Abril,9.9,13.3
1789,5,Maig,32.2,17.7
1789,6,Juny,9.9,18.5
1789,7,Juliol,6.3,20.9
1789,8,Agost,69.4,21.9
1789,9,Setembre,18.7,20.0
1789,10,Octubre,52.1,14.7
1789,11,Novembre,18.7,7.8
1789,12,Desembre,76.9,7.3
1790,1,Gener,44.6,7.4
1790,2,Febrer,1.2,9.5
1790,3,Març,188.5,10.4
1790,4,Abril,74.4,12.3
1790,5,Maig,44.7,15.0
1790,6,Juny,39.7,19.0
1790,7,Juliol,65.7,20.8
1790,8,Agost,32.3,23.1
1790,9,Setembre,71.9,19.3
1790,10,Octubre,205.8,17.1
1790,11,Novembre,72.0,11.7
1790,12,Desembre,14.9,7.9
1791,1,Gener,9.9,9.5
1791,2,Febrer,34.7,6.9
1791,3,Març,9.9,11.1
1791,4,Abril,31.1,14.7
1791,5,Maig,148.8,13.7
1791,6,Juny,2.5,18.4
1791,7,Juliol,1.2,21.2
1791,8,Agost,1.2,23.6
1791,9,Setembre,119.0,20.7
1791,10,Octubre,89.2,14.7
1791,11,Novembre,109.1,9.9
1791,12,Desembre,34.7,8.9
1792,1,Gener,8.7,8.7
1792,2,Febrer,9.9,8.9
1792,3,Març,27.4,11.4
1792,4,Abril,6.3,14.0
1792,5,Maig,19.9,16.2
1792,6,Juny,29.8,19.5
1792,7,Juliol,2.5,21.9
1792,8,Agost,1.2,22.6
1792,9,Setembre,86.8,17.9
1792,10,Octubre,47.1,15.7
1792,11,Novembre,44.7,10.8
1792,12,Desembre,7.5,8.1
1793,1,Gener,1.2,6.7
1793,2,Febrer,54.6,8.8
1793,3,Març,67.0,9.6
1793,4,Abril,94.2,11.0
1793,5,Maig,54.6,14.9
1793,6,Juny,7.5,18.4
1793,7,Juliol,63.2,23.1
1793,8,Agost,4.9,23.5
1793,9,Setembre,60.8,18.9
1793,10,Octubre,63.3,16.5
1793,11,Novembre,218.1,11.6
1793,12,Desembre,47.1,8.5
1794,1,Gener,37.3,7.0
1794,2,Febrer,9.9,9.7
1794,3,Març,33.5,11.2
1794,4,Abril,14.9,14.5
1794,5,Maig,148.8,15.8
1794,6,Juny,109.1,18.5
1794,7,Juliol,0.0,23.8
1794,8,Agost,34.7,22.5
1794,9,Setembre,49.7,19.2
1794,10,Octubre,84.3,15.0
1794,11,Novembre,24.8,11.8
1794,12,Desembre,106.6,7.0
1795,1,Gener,108.0,6.3
1795,2,Febrer,17.4,8.3
1795,3,Març,19.9,9.7
1795,4,Abril,32.3,12.7
1795,5,Maig,0.0,17.9
1795,6,Juny,82.0,17.8
1795,7,Juliol,62.1,19.9
1795,8,Agost,2.5,22.3
1795,9,Setembre,90.4,19.8
1795,10,Octubre,32.3,17.7
1795,11,Novembre,76.9,9.0
1795,12,Desembre,32.3,9.7
1796,1,Gener,43.5,9.0
1796,2,Febrer,47.1,7.9
1796,3,Març,59.4,6.7
1796,4,Abril,111.6,12.1
1796,5,Maig,64.5,15.5
1796,6,Juny,14.9,19.4
1796,7,Juliol,0.0,21.0
1796,8,Agost,94.2,21.9
1796,9,Setembre,42.2,19.2
1796,10,Octubre,14.9,15.3
1796,11,Novembre,69.4,9.3
1796,12,Desembre,62.0,7.7
1797,1,Gener,39.7,6.8
1797,2,Febrer,4.9,8.7
1797,3,Març,143.8,8.3
1797,4,Abril,49.7,12.2
1797,5,Maig,106.6,16.4
1797,6,Juny,57.0,17.0
1797,7,Juliol,0.0,22.3
1797,8,Agost,0.0,23.3
1797,9,Setembre,52.1,19.3
1797,10,Octubre,54.6,14.5
1797,11,Novembre,34.7,10.3
1797,12,Desembre,12.4,9.4
1798,1,Gener,0.0,7.1
1798,2,Febrer,9.9,8.6
1798,3,Març,12.4,9.9
1798,4,Abril,46.5,12.7
1798,5,Maig,39.4,16.6
1798,6,Juny,60.2,19.9
1798,7,Juliol,35.2,22.9
1798,8,Agost,6.4,23.7
1798,9,Setembre,84.2,20.6
1798,10,Octubre,87.6,17.4
1798,11,Novembre,40.3,12.1
1798,12,Desembre,74.1,9.4
1799,1,Gener,14.6,7.4
1799,2,Febrer,0.3,11.7
1799,3,Març,0.0,10.7
1799,4,Abril,81.3,12.3
1799,5,Maig,50.0,15.6
1799,6,Juny,35.6,18.7
1799,7,Juliol,32.2,22.0
1799,8,Agost,9.9,22.0
1799,9,Setembre,57.0,19.6
1799,10,Octubre,39.7,15.9
1799,11,Novembre,44.6,11.9
1799,12,Desembre,141.3,6.2
1800,1,Gener,52.1,7.5
1800,2,Febrer,59.4,8.9
1800,3,Març,39.7,9.1
1800,4,Abril,29.8,13.3
1800,5,Maig,42.2,16.4
1800,6,Juny,44.6,17.9
1800,7,Juliol,0.0,23.2
1800,8,Agost,0.0,22.3
1800,9,Setembre,71.9,18.8
1800,10,Octubre,121.4,14.5
1800,11,Novembre,34.7,10.1
1800,12,Desembre,106.6,8.2
1801,1,Gener,7.5,7.2
1801,2,Febrer,29.8,7.7
1801,3,Març,79.3,10.7
1801,4,Abril,101.6,11.7
1801,5,Maig,29.8,16.0
1801,6,Juny,34.7,19.0
1801,7,Juliol,2.5,21.2
1801,8,Agost,2.5,22.4
1801,9,Setembre,138.9,18.6
1801,10,Octubre,163.6,14.4
1801,11,Novembre,126.5,9.8
1801,12,Desembre,19.9,9.3
1802,1,Gener,94.2,3.6
1802,2,Febrer,27.4,7.1
1802,3,Març,27.4,9.0
1802,4,Abril,32.2,12.3
1802,5,Maig,27.4,15.2
1802,6,Juny,1.2,20.6
1802,7,Juliol,24.8,21.4
1802,8,Agost,2.5,23.7
1802,9,Setembre,4.9,21.0
1802,10,Octubre,146.3,15.9
1802,11,Novembre,106.6,10.9
1802,12,Desembre,29.8,8.1
1803,1,Gener,74.4,6.9
1803,2,Febrer,4.9,5.0
1803,3,Març,69.4,8.1
1803,4,Abril,76.9,12.7
1803,5,Maig,34.7,14.2
1803,6,Juny,2.5,20.5
1803,7,Juliol,4.9,22.4
1803,8,Agost,71.9,23.2
1803,9,Setembre,111.6,18.9
1803,10,Octubre,52.1,15.0
1803,11,Novembre,42.2,11.1
1803,12,Desembre,12.4,8.2
1804,1,Gener,25.9,9.7
1804,2,Febrer,12.4,6.0
1804,3,Març,47.1,9.6
1804,4,Abril,66.9,11.7
1804,5,Maig,29.8,17.2
1804,6,Juny,1.2,21.3
1804,7,Juliol,62.0,21.0
1804,8,Agost,2.5,21.6
1804,9,Setembre,7.5,20.4
1804,10,Octubre,151.6,15.0
1804,11,Novembre,119.0,12.1
1804,12,Desembre,114.1,9.5
1805,1,Gener,49.7,6.7
1805,2,Febrer,49.7,8.1
1805,3,Març,29.8,9.9
1805,4,Abril,9.9,11.1
1805,5,Maig,54.6,15.1
1805,6,Juny,37.3,18.4
1805,7,Juliol,4.9,21.3
1805,8,Agost,69.4,21.6
1805,9,Setembre,114.1,19.5
1805,10,Octubre,4.9,14.7
1805,11,Novembre,141.3,10.9
1805,12,Desembre,32.2,6.5
1806,1,Gener,69.4,6.8
1806,2,Febrer,34.7,8.3
1806,3,Març,39.7,9.9
1806,4,Abril,126.5,9.5
1806,5,Maig,22.3,15.4
1806,6,Juny,27.4,20.5
1806,7,Juliol,19.9,21.5
1806,8,Agost,12.4,21.6
1806,9,Setembre,59.4,17.9
1806,10,Octubre,44.6,16.3
1806,11,Novembre,84.3,10.4
1806,12,Desembre,1.2,9.4
1807,1,Gener,104.2,6.6
1807,2,Febrer,0.8,8.0
1807,3,Març,133.8,6.4
1807,4,Abril,29.8,10.0
1807,5,Maig,2.5,16.5
1807,6,Juny,1.2,19.9
1807,7,Juliol,27.4,22.6
1807,8,Agost,27.4,23.8
1807,9,Setembre,12.4,19.5
1807,10,Octubre,79.3,17.2
1807,11,Novembre,79.3,9.8
1807,12,Desembre,7.5,6.5
1808,1,Gener,4.9,5.4
1808,2,Febrer,19.9,5.2
1808,3,Març,123.9,8.8
1808,4,Abril,22.3,11.2
1808,5,Maig,86.8,15.9
1808,6,Juny,34.7,18.0
1808,7,Juliol,0.0,22.9
1808,8,Agost,49.9,22.1
1808,9,Setembre,97.2,18.7
1808,10,Octubre,116.9,13.4
1808,11,Novembre,76.2,9.7
1808,12,Desembre,35.8,6.1
1809,1,Gener,23.0,9.5
1809,2,Febrer,5.3,9.2
1809,3,Març,23.8,9.4
1809,4,Abril,42.2,9.4
1809,5,Maig,8.5,14.7
1809,6,Juny,48.4,18.2
1809,7,Juliol,33.6,19.6
1809,8,Agost,89.8,21.1
1809,9,Setembre,47.8,17.6
1809,10,Octubre,38.7,14.4
1809,11,Novembre,39.4,8.2
1809,12,Desembre,2.0,6.6
1810,1,Gener,29.8,5.6
1810,2,Febrer,11.6,5.8
1810,3,Març,40.1,11.0
1810,4,Abril,39.3,10.9
1810,5,Maig,114.7,14.7
1810,6,Juny,65.0,17.1
1810,7,Juliol,23.5,20.5
1810,8,Agost,47.5,20.9
1810,9,Setembre,192.7,18.1
1810,10,Octubre,83.1,15.5
1810,11,Novembre,20.1,10.7
1810,12,Desembre,0.0,8.1
1811,1,Gener,28.3,5.3
1811,2,Febrer,160.8,9.9
1811,3,Març,13.4,10.6
1811,4,Abril,40.1,13.1
1811,5,Maig,138.1,17.1
1811,6,Juny,41.0,20.7
1811,7,Juliol,35.0,22.1
1811,8,Agost,61.1,20.9
1811,9,Setembre,104.9,19.0
1811,10,Octubre,106.3,17.6
1811,11,Novembre,0.0,11.1
1811,12,Desembre,0.0,8.2
1812,1,Gener,17.4,4.8
1812,2,Febrer,2.5,9.1
1812,3,Març,4.9,9.4
1812,4,Abril,62.0,10.5
1812,5,Maig,29.8,14.5
1812,6,Juny,2.5,19.1
1812,7,Juliol,12.4,20.3
1812,8,Agost,19.9,21.5
1812,9,Setembre,76.9,18.7
1812,10,Octubre,42.2,14.4
1812,11,Novembre,17.4,10.7
1812,12,Desembre,29.8,7.5
1813,1,Gener,27.4,5.4
1813,2,Febrer,2.5,7.2
1813,3,Març,7.5,8.1
1813,4,Abril,22.3,11.6
1813,5,Maig,12.4,16.7
1813,6,Juny,14.9,17.4
1813,7,Juliol,9.9,18.7
1813,8,Agost,14.9,20.3
1813,9,Setembre,101.6,17.2
1813,10,Octubre,54.6,15.2
1813,11,Novembre,4.9,10.4
1813,12,Desembre,12.4,7.8
1814,1,Gener,24.8,6.5
1814,2,Febrer,2.5,5.3
1814,3,Març,86.8,7.3
1814,4,Abril,76.9,11.6
1814,5,Maig,59.4,13.9
1814,6,Juny,37.3,17.2
1814,7,Juliol,17.4,19.7
1814,8,Agost,22.3,20.1
1814,9,Setembre,99.2,17.3
1814,10,Octubre,94.2,13.8
1814,11,Novembre,62.0,10.3
1814,12,Desembre,1.2,9.0
1815,1,Gener,19.9,4.4
1815,2,Febrer,2.5,8.7
1815,3,Març,9.9,11.2
1815,4,Abril,111.6,10.9
1815,5,Maig,89.2,15.3
1815,6,Juny,12.4,17.3
1815,7,Juliol,12.4,20.1
1815,8,Agost,22.3,20.3
1815,9,Setembre,14.9,19.8
1815,10,Octubre,94.2,15.8
1815,11,Novembre,22.3,8.5
1815,12,Desembre,9.9,6.4
1816,1,Gener,57.0,5.9
1816,2,Febrer,2.5,7.2
1816,3,Març,12.4,9.1
1816,4,Abril,109.1,10.7
1816,5,Maig,4.9,14.6
1816,6,Juny,52.1,16.2
1816,7,Juliol,12.4,18.4
1816,8,Agost,12.4,18.8
1816,9,Setembre,7.5,17.8
1816,10,Octubre,27.4,15.2
1816,11,Novembre,24.8,9.4
1816,12,Desembre,2.5,6.8
1817,1,Gener,9.9,7.5
1817,2,Febrer,0.0,9.2
1817,3,Març,4.9,10.5
1817,4,Abril,0.0,11.1
1817,5,Maig,34.7,14.1
1817,6,Juny,34.7,18.1
1817,7,Juliol,4.9,20.3
1817,8,Agost,7.5,20.8
1817,9,Setembre,32.2,19.4
1817,10,Octubre,69.4,12.9
1817,11,Novembre,9.9,11.6
1817,12,Desembre,7.5,7.3
1818,1,Gener,17.4,7.7
1818,2,Febrer,17.4,9.3
1818,3,Març,27.4,10.7
1818,4,Abril,49.7,12.1
1818,5,Maig,69.4,14.2
1818,6,Juny,2.5,18.1
1818,7,Juliol,44.6,21.3
1818,8,Agost,7.5,21.6
1818,9,Setembre,101.6,18.4
1818,10,Octubre,69.4,15.7
1818,11,Novembre,37.3,12.7
1818,12,Desembre,62.0,7.1
1819,1,Gener,49.7,7.3
1819,2,Febrer,24.8,8.1
1819,3,Març,39.7,9.9
1819,4,Abril,24.8,13.8
1819,5,Maig,37.3,16.3
1819,6,Juny,47.1,18.9
1819,7,Juliol,2.5,21.5
1819,8,Agost,71.9,22.0
1819,9,Setembre,96.7,19.6
1819,10,Octubre,44.6,15.7
1819,11,Novembre,62.0,10.5
1819,12,Desembre,128.9,8.5
1820,1,Gener,47.1,6.6
1820,2,Febrer,24.8,8.1
1820,3,Març,69.4,7.9
1820,4,Abril,57.0,12.8
1820,5,Maig,47.1,16.1
1820,6,Juny,52.1,17.5
1820,7,Juliol,2.5,21.8
1820,8,Agost,59.4,22.7
1820,9,Setembre,161.2,17.7
1820,10,Octubre,104.2,13.7
1820,11,Novembre,44.7,9.3
1820,12,Desembre,49.7,7.7
1821,1,Gener,37.3,8.3
1821,2,Febrer,7.5,7.7
1821,3,Març,29.8,10.6
1821,4,Abril,69.4,11.5
1821,5,Maig,114.1,15.1
1821,6,Juny,12.4,17.7
1821,7,Juliol,29.8,20.2
1821,8,Agost,59.4,21.8
1821,9,Setembre,47.1,20.6
1821,10,Octubre,54.6,14.7
1821,11,Novembre,12.4,12.4
1821,12,Desembre,27.4,11.1
1822,1,Gener,2.5,6.2
1822,2,Febrer,12.4,8.7
1822,3,Març,2.5,12.3
1822,4,Abril,22.3,12.7
1822,5,Maig,29.8,17.4
1822,6,Juny,2.5,22.8
1822,7,Juliol,2.5,22.4
1822,8,Agost,64.5,21.9
1822,9,Setembre,37.3,19.4
1822,10,Octubre,34.7,15.5
1822,11,Novembre,29.8,12.5
1822,12,Desembre,39.7,7.1
1823,1,Gener,27.4,7.1
1823,2,Febrer,9.9,8.9
1823,3,Març,9.9,8.9
1823,4,Abril,12.4,11.5
1823,5,Maig,3.7,16.8
1823,6,Juny,14.9,17.3
1823,7,Juliol,34.7,19.5
1823,8,Agost,7.5,21.5
1823,9,Setembre,34.7,20.2
1823,10,Octubre,66.9,14.3
1823,11,Novembre,14.9,10.7
1823,12,Desembre,2.5,8.2
1824,1,Gener,7.5,5.8
1824,2,Febrer,19.9,8.7
1824,3,Març,4.9,9.4
1824,4,Abril,17.4,11.5
1824,5,Maig,14.9,15.3
1824,6,Juny,57.0,17.2
1824,7,Juliol,0.0,22.2
1824,8,Agost,12.4,21.6
1824,9,Setembre,91.8,18.4
1824,10,Octubre,54.6,15.3
1824,11,Novembre,12.4,12.5
1824,12,Desembre,0.0,9.8
1825,1,Gener,0.0,6.1
1825,2,Febrer,0.0,8.0
1825,3,Març,24.8,9.8
1825,4,Abril,4.9,13.8
1825,5,Maig,54.6,15.8
1825,6,Juny,7.5,19.5
1825,7,Juliol,59.4,21.9
1825,8,Agost,59.4,21.0
1825,9,Setembre,126.5,20.4
1825,10,Octubre,47.1,14.5
1825,11,Novembre,71.9,10.0
1825,12,Desembre,54.6,9.2
1826,1,Gener,89.2,5.4
1826,2,Febrer,14.9,9.1
1826,3,Març,42.2,9.8
1826,4,Abril,42.2,12.2
1826,5,Maig,69.4,13.5
1826,6,Juny,69.4,18.5
1826,7,Juliol,62.0,21.8
1826,8,Agost,24.8,23.6
1826,9,Setembre,123.9,19.8
1826,10,Octubre,34.7,16.1
1826,11,Novembre,29.8,8.5
1826,12,Desembre,109.1,8.2
1827,1,Gener,39.4,7.0
1827,2,Febrer,38.6,5.4
1827,3,Març,1.2,9.5
1827,4,Abril,24.1,11.2
1827,5,Maig,49.4,13.2
1827,6,Juny,35.0,16.5
1827,7,Juliol,2.4,24.1
1827,8,Agost,21.7,22.3
1827,9,Setembre,120.6,18.5
1827,10,Octubre,108.5,15.2
1827,11,Novembre,6.0,10.5
1827,12,Desembre,7.2,8.4
1828,1,Gener,6.0,8.9
1828,2,Febrer,24.1,8.2
1828,3,Març,21.7,10.0
1828,4,Abril,43.4,12.1
1828,5,Maig,38.6,16.1
1828,6,Juny,0.0,20.0
1828,7,Juliol,7.2,23.1
1828,8,Agost,19.3,22.7
1828,9,Setembre,77.1,20.4
1828,10,Octubre,50.6,15.4
1828,11,Novembre,35.0,12.0
1828,12,Desembre,19.3,8.4
1829,1,Gener,20.5,6.7
1829,2,Febrer,20.5,7.7
1829,3,Març,19.3,10.9
1829,4,Abril,35.0,13.1
1829,5,Maig,116.2,15.2
1829,6,Juny,35.0,18.1
1829,7,Juliol,9.6,20.8
1829,8,Agost,24.6,20.1
1829,9,Setembre,93.7,17.4
1829,10,Octubre,22.9,13.3
1829,11,Novembre,67.2,10.0
1829,12,Desembre,35.6,5.3
1830,1,Gener,8.9,4.1
1830,2,Febrer,12.0,6.5
1830,3,Març,65.1,10.4
1830,4,Abril,8.4,14.7
1830,5,Maig,65.1,16.0
1830,6,Juny,60.8,18.4
1830,7,Juliol,4.8,22.7
1830,8,Agost,51.8,21.6
1830,9,Setembre,35.0,17.8
1830,10,Octubre,21.2,15.0
1830,11,Novembre,45.8,12.4
1830,12,Desembre,18.9,7.6
1831,1,Gener,60.3,8.1
1831,2,Febrer,25.9,9.7
1831,3,Març,21.7,11.7
1831,4,Abril,50.6,12.9
1831,5,Maig,55.2,17.0
1831,6,Juny,61.5,20.6
1831,7,Juliol,15.3,22.2
1831,8,Agost,50.6,21.6
1831,9,Setembre,122.9,17.8
1831,10,Octubre,35.0,16.9
1831,11,Novembre,10.8,11.4
1831,12,Desembre,45.8,8.7
1832,1,Gener,22.9,7.7
1832,2,Febrer,74.8,8.0
1832,3,Març,74.8,9.2
1832,4,Abril,60.3,11.2
1832,5,Maig,36.1,15.7
1832,6,Juny,16.9,18.9
1832,7,Juliol,9.6,22.7
1832,8,Agost,16.9,22.7
1832,9,Setembre,33.8,19.3
1832,10,Octubre,49.4,15.8
1832,11,Novembre,65.1,11.5
1832,12,Desembre,36.1,7.6
1833,1,Gener,20.9,8.1
1833,2,Febrer,16.9,10.4
1833,3,Març,105.8,8.1
1833,4,Abril,96.5,11.7
1833,5,Maig,19.3,17.5
1833,6,Juny,33.8,20.2
1833,7,Juliol,30.2,20.1
1833,8,Agost,38.6,20.3
1833,9,Setembre,58.0,16.0
1833,10,Octubre,48.2,14.2
1833,11,Novembre,48.2,10.9
1833,12,Desembre,30.2,9.5
1834,1,Gener,2.4,10.1
1834,2,Febrer,20.5,8.6
1834,3,Març,32.5,10.4
1834,4,Abril,16.9,11.5
1834,5,Maig,30.2,16.8
1834,6,Juny,32.5,18.6
1834,7,Juliol,28.8,21.7
1834,8,Agost,77.1,21.2
1834,9,Setembre,36.1,20.8
1834,10,Octubre,83.0,15.6
1834,11,Novembre,65.1,11.4
1834,12,Desembre,14.5,7.2
1835,1,Gener,16.9,7.8
1835,2,Febrer,4.8,9.0
1835,3,Març,9.6,9.9
1835,4,Abril,16.9,11.6
1835,5,Maig,36.1,14.4
1835,6,Juny,36.1,17.2
1835,7,Juliol,24.6,22.0
1835,8,Agost,32.5,21.1
1835,9,Setembre,30.2,18.4
1835,10,Octubre,19.3,14.2
1835,11,Novembre,33.8,9.5
1835,12,Desembre,33.8,6.3
1836,1,Gener,35.0,6.7
1836,2,Febrer,35.0,7.1
1836,3,Març,30.2,10.6
1836,4,Abril,61.5,10.2
1836,5,Maig,92.1,11.8
1836,6,Juny,16.9,18.6
1836,7,Juliol,33.8,22.6
1836,8,Agost,18.1,21.6
1836,9,Setembre,36.1,17.6
1836,10,Octubre,19.3,15.6
1836,11,Novembre,12.0,10.4
1836,12,Desembre,2.4,7.3
1837,1,Gener,9.6,6.2
1837,2,Febrer,18.1,8.9
1837,3,Març,60.3,6.5
1837,4,Abril,36.1,9.5
1837,5,Maig,35.0,13.4
1837,6,Juny,44.6,20.0
1837,7,Juliol,8.4,22.3
1837,8,Agost,16.9,22.9
1837,9,Setembre,103.7,18.5
1837,10,Octubre,9.6,14.9
1837,11,Novembre,49.4,10.1
1837,12,Desembre,30.2,8.8
1838,1,Gener,74.8,7.2
1838,2,Febrer,65.1,8.4
1838,3,Març,30.2,10.3
1838,4,Abril,48.2,10.7
1838,5,Maig,33.8,15.2
1838,6,Juny,15.7,19.4
1838,7,Juliol,0.0,22.0
1838,8,Agost,16.9,21.7
1838,9,Setembre,39.8,18.3
1838,10,Octubre,59.1,14.9
1838,11,Novembre,104.9,12.9
1838,12,Desembre,108.5,7.6
1839,1,Gener,74.8,6.2
1839,2,Febrer,49.4,7.7
1839,3,Març,18.1,10.0
1839,4,Abril,37.4,11.4
1839,5,Maig,51.8,14.9
1839,6,Juny,0.0,19.5
1839,7,Juliol,21.7,21.4
1839,8,Agost,19.3,21.4
1839,9,Setembre,32.5,18.1
1839,10,Octubre,59.1,14.8
1839,11,Novembre,63.9,11.2
1839,12,Desembre,44.6,9.8
1840,1,Gener,18.1,9.0
1840,2,Febrer,135.0,7.7
1840,3,Març,35.0,6.5
1840,4,Abril,36.1,11.0
1840,5,Maig,44.6,15.7
1840,6,Juny,0.0,19.2
1840,7,Juliol,49.4,20.1
1840,8,Agost,49.4,22.1
1840,9,Setembre,36.1,18.8
1840,10,Octubre,45.8,15.2
1840,11,Novembre,16.9,11.8
1840,12,Desembre,89.2,7.5
1841,1,Gener,63.9,6.2
1841,2,Febrer,86.5,9.0
1841,3,Març,51.8,9.9
1841,4,Abril,33.8,11.8
1841,5,Maig,61.5,16.9
1841,6,Juny,90.4,18.2
1841,7,Juliol,18.1,19.6
1841,8,Agost,22.9,20.1
1841,9,Setembre,35.0,19.9
1841,10,Octubre,44.6,15.6
1841,11,Novembre,8.4,11.3
1841,12,Desembre,44.6,8.6
1842,1,Gener,49.4,5.2
1842,2,Febrer,35.0,8.4
1842,3,Març,30.2,10.6
1842,4,Abril,73.5,10.7
1842,5,Maig,49.4,15.8
1842,6,Juny,49.4,21.5
1842,7,Juliol,35.0,22.7
1842,8,Agost,59.1,21.8
1842,9,Setembre,74.8,18.3
1842,10,Octubre,74.8,13.8
1842,11,Novembre,22.7,10.8
1842,12,Desembre,91.6,9.0
1843,1,Gener,7.2,8.3
1843,2,Febrer,76.0,9.2
1843,3,Març,104.9,9.1
1843,4,Abril,69.1,12.3
1843,5,Maig,74.6,15.6
1843,6,Juny,29.9,17.6
1843,7,Juliol,16.2,19.5
1843,8,Agost,10.4,21.4
1843,9,Setembre,198.0,17.5
1843,10,Octubre,47.9,14.8
1843,11,Novembre,88.8,9.0
1843,12,Desembre,0.0,8.0
1844,1,Gener,18.3,8.0
1844,2,Febrer,28.4,7.6
1844,3,Març,40.8,9.6
1844,4,Abril,40.4,12.7
1844,5,Maig,86.1,14.2
1844,6,Juny,40.3,19.8
1844,7,Juliol,31.4,21.0
1844,8,Agost,16.0,20.9
1844,9,Setembre,213.7,19.5
1844,10,Octubre,166.3,16.5
1844,11,Novembre,19.5,11.9
1844,12,Desembre,66.8,7.1
1845,1,Gener,63.2,8.1
1845,2,Febrer,14.8,6.4
1845,3,Març,72.9,9.3
1845,4,Abril,66.6,11.5
1845,5,Maig,49.3,14.1
1845,6,Juny,41.2,17.8
1845,7,Juliol,10.5,21.5
1845,8,Agost,81.3,21.6
1845,9,Setembre,97.0,20.6
1845,10,Octubre,43.2,16.1
1845,11,Novembre,99.1,11.8
1845,12,Desembre,9.9,8.7
1846,1,Gener,10.5,9.3
1846,2,Febrer,2.3,8.3
1846,3,Març,31.2,12.2
1846,4,Abril,59.4,13.8
1846,5,Maig,86.4,15.9
1846,6,Juny,41.8,21.6
1846,7,Juliol,14.3,25.3
1846,8,Agost,53.7,24.2
1846,9,Setembre,96.2,21.6
1846,10,Octubre,147.6,16.5
1846,11,Novembre,82.7,12.7
1846,12,Desembre,24.9,6.4
1847,1,Gener,50.7,10.0
1847,2,Febrer,7.7,8.6
1847,3,Març,50.9,9.8
1847,4,Abril,59.9,12.9
1847,5,Maig,35.7,18.3
1847,6,Juny,18.5,20.1
1847,7,Juliol,0.9,22.9
1847,8,Agost,38.7,21.7
1847,9,Setembre,23.1,19.2
1847,10,Octubre,152.7,16.8
1847,11,Novembre,45.0,11.4
1847,12,Desembre,72.3,8.1
1848,1,Gener,39.8,3.4
1848,2,Febrer,34.7,10.0
1848,3,Març,35.6,9.9
1848,4,Abril,127.9,13.3
1848,5,Maig,49.2,16.7
1848,6,Juny,69.5,18.7
1848,7,Juliol,13.4,22.4
1848,8,Agost,12.7,22.2
1848,9,Setembre,120.6,19.0
1848,10,Octubre,95.8,15.9
1848,11,Novembre,24.8,8.7
1848,12,Desembre,35.2,9.6
1849,1,Gener,38.2,9.3
1849,2,Febrer,1.4,9.7
1849,3,Març,43.5,8.9
1849,4,Abril,88.5,10.0
1849,5,Maig,51.0,16.0
1849,6,Juny,17.5,21.5
1849,7,Juliol,26.5,22.9
1849,8,Agost,54.2,23.3
1849,9,Setembre,199.9,19.9
1849,10,Octubre,74.0,17.5
1849,11,Novembre,44.0,12.0
1849,12,Desembre,40.6,7.6
1850,1,Gener,22.4,7.2
1850,2,Febrer,1.5,10.8
1850,3,Març,9.7,8.6
1850,4,Abril,67.5,12.7
1850,5,Maig,65.6,13.9
1850,6,Juny,22.9,19.8
1850,7,Juliol,17.8,21.7
1850,8,Agost,38.9,21.5
1850,9,Setembre,113.6,18.1
1850,10,Octubre,55.8,14.3
1850,11,Novembre,23.4,11.4
1850,12,Desembre,2.2,8.5
1851,1,Gener,41.4,8.2
1851,2,Febrer,96.1,7.7
1851,3,Març,21.6,8.9
1851,4,Abril,77.6,12.3
1851,5,Maig,44.3,12.7
1851,6,Juny,4.2,17.9
1851,7,Juliol,49.2,20.4
1851,8,Agost,7.4,22.8
1851,9,Setembre,83.7,18.0
1851,10,Octubre,66.9,15.5
1851,11,Novembre,51.7,7.9
1851,12,Desembre,0.0,6.7
1852,1,Gener,40.5,8.6
1852,2,Febrer,2.1,6.9
1852,3,Març,16.4,9.4
1852,4,Abril,89.9,12.2
1852,5,Maig,47.6,14.8
1852,6,Juny,76.9,18.4
1852,7,Juliol,37.5,22.1
1852,8,Agost,35.0,21.4
1852,9,Setembre,94.6,19.4
1852,10,Octubre,82.4,16.0
1852,11,Novembre,52.2,13.7
1852,12,Desembre,9.0,10.2
1853,1,Gener,59.9,9.0
1853,2,Febrer,53.3,4.5
1853,3,Març,58.3,6.8
1853,4,Abril,29.3,11.8
1853,5,Maig,188.4,13.5
1853,6,Juny,41.8,15.7
1853,7,Juliol,1.0,21.4
1853,8,Agost,19.9,22.5
1853,9,Setembre,103.6,18.3
1853,10,Octubre,151.6,15.5
1853,11,Novembre,140.9,11.0
1853,12,Desembre,10.6,7.2
1854,1,Gener,12.4,7.8
1854,2,Febrer,0.0,6.7
1854,3,Març,15.0,9.5
1854,4,Abril,131.6,11.7
1854,5,Maig,50.6,14.6
1854,6,Juny,56.9,16.9
1854,7,Juliol,41.2,20.6
1854,8,Agost,48.2,21.2
1854,9,Setembre,22.5,20.1
1854,10,Octubre,0.5,16.3
1854,11,Novembre,49.4,9.4
1854,12,Desembre,7.6,7.0
1855,1,Gener,36.9,6.0
1855,2,Febrer,64.8,9.5
1855,3,Març,55.1,9.2
1855,4,Abril,3.9,11.5
1855,5,Maig,98.3,13.1
1855,6,Juny,95.7,16.6
1855,7,Juliol,11.7,21.4
1855,8,Agost,9.7,21.9
1855,9,Setembre,73.3,20.6
1855,10,Octubre,40.3,17.0
1855,11,Novembre,108.8,10.9
1855,12,Desembre,21.5,6.7
1856,1,Gener,60.4,10.6
1856,2,Febrer,43.7,8.3
1856,3,Març,134.3,10.7
1856,4,Abril,47.9,12.5
1856,5,Maig,72.7,14.8
1856,6,Juny,183.3,18.2
1856,7,Juliol,58.3,21.5
1856,8,Agost,0.0,23.2
1856,9,Setembre,54.7,18.8
1856,10,Octubre,148.0,14.8
1856,11,Novembre,27.6,9.4
1856,12,Desembre,5.6,8.2
1857,1,Gener,36.5,5.3
1857,2,Febrer,65.3,7.9
1857,3,Març,141.8,10.5
1857,4,Abril,34.0,11.9
1857,5,Maig,67.6,14.4
1857,6,Juny,18.6,18.4
1857,7,Juliol,47.9,22.0
1857,8,Agost,79.7,21.6
1857,9,Setembre,190.7,20.1
1857,10,Octubre,20.3,15.5
1857,11,Novembre,105.0,12.3
1857,12,Desembre,31.2,8.5
1858,1,Gener,21.5,5.2
1858,2,Febrer,45.4,9.0
1858,3,Març,14.4,10.1
1858,4,Abril,18.8,14.4
1858,5,Maig,75.5,15.2
1858,6,Juny,3.1,21.4
1858,7,Juliol,101.0,20.6
1858,8,Agost,86.0,21.7
1858,9,Setembre,37.0,20.9
1858,10,Octubre,72.5,16.3
1858,11,Novembre,39.3,11.6
1858,12,Desembre,53.9,8.2
1859,1,Gener,0.0,6.2
1859,2,Febrer,10.9,8.5
1859,3,Març,45.7,10.6
1859,4,Abril,14.2,14.0
1859,5,Maig,59.6,16.0
1859,6,Juny,38.8,18.7
1859,7,Juliol,4.0,24.2
1859,8,Agost,51.2,23.6
1859,9,Setembre,101.6,20.5
1859,10,Octubre,56.4,16.9
1859,11,Novembre,110.6,11.7
1859,12,Desembre,66.8,6.7
1860,1,Gener,32.1,9.3
1860,2,Febrer,27.2,5.4
1860,3,Març,5.9,9.5
1860,4,Abril,101.4,10.8
1860,5,Maig,76.2,15.6
1860,6,Juny,79.8,18.3
1860,7,Juliol,55.8,20.3
1860,8,Agost,10.9,21.1
1860,9,Setembre,24.9,18.7
1860,10,Octubre,5.9,15.8
1860,11,Novembre,142.5,11.5
1860,12,Desembre,10.4,8.5
1861,1,Gener,58.5,8.0
1861,2,Febrer,50.6,9.2
1861,3,Març,81.9,10.8
1861,4,Abril,66.8,11.9
1861,5,Maig,19.8,15.7
1861,6,Juny,58.9,18.7
1861,7,Juliol,6.6,22.0
1861,8,Agost,0.0,23.7
1861,9,Setembre,60.2,19.9
1861,10,Octubre,155.4,17.1
1861,11,Novembre,9.5,11.4
1861,12,Desembre,57.7,9.7
1862,1,Gener,11.0,7.7
1862,2,Febrer,31.6,8.4
1862,3,Març,37.6,11.6
1862,4,Abril,36.7,13.0
1862,5,Maig,81.2,16.8
1862,6,Juny,46.4,19.1
1862,7,Juliol,2.1,22.6
1862,8,Agost,101.9,22.4
1862,9,Setembre,285.6,18.5
1862,10,Octubre,73.7,16.7
1862,11,Novembre,60.5,10.3
1862,12,Desembre,6.6,8.4
1863,1,Gener,37.6,7.6
1863,2,Febrer,12.6,7.9
1863,3,Març,44.2,10.3
1863,4,Abril,28.8,13.3
1863,5,Maig,89.4,15.5
1863,6,Juny,9.1,20.0
1863,7,Juliol,23.3,23.3
1863,8,Agost,11.6,23.2
1863,9,Setembre,62.4,19.3
1863,10,Octubre,82.2,16.0
1863,11,Novembre,45.9,10.7
1863,12,Desembre,28.7,8.3
1864,1,Gener,63.2,7.0
1864,2,Febrer,30.3,6.7
1864,3,Març,13.1,10.9
1864,4,Abril,8.4,13.0
1864,5,Maig,15.3,18.1
1864,6,Juny,7.5,19.9
1864,7,Juliol,0.0,22.8
1864,8,Agost,0.6,23.2
1864,9,Setembre,55.1,20.0
1864,10,Octubre,105.7,15.0
1864,11,Novembre,86.4,10.7
1864,12,Desembre,180.5,7.2
1865,1,Gener,7.9,8.5
1865,2,Febrer,4.0,8.0
1865,3,Març,93.9,7.4
1865,4,Abril,71.5,12.5
1865,5,Maig,24.7,17.2
1865,6,Juny,4.5,21.9
1865,7,Juliol,30.3,23.0
1865,8,Agost,45.2,23.1
1865,9,Setembre,110.9,21.5
1865,10,Octubre,81.2,16.5
1865,11,Novembre,25.2,11.6
1865,12,Desembre,42.0,7.4
1866,1,Gener,9.7,8.5
1866,2,Febrer,9.7,11.1
1866,3,Març,49.9,9.9
1866,4,Abril,15.7,13.0
1866,5,Maig,0.8,16.2
1866,6,Juny,38.0,19.9
1866,7,Juliol,6.5,22.9
1866,8,Agost,7.3,21.9
1866,9,Setembre,171.5,19.1
1866,10,Octubre,227.4,15.1
1866,11,Novembre,1.6,11.8
1866,12,Desembre,42.1,10.0
1867,1,Gener,54.8,8.5
1867,2,Febrer,22.4,11.1
1867,3,Març,21.8,12.4
1867,4,Abril,7.0,13.6
1867,5,Maig,19.7,16.3
1867,6,Juny,10.2,19.2
1867,7,Juliol,40.7,21.8
1867,8,Agost,36.2,21.8
1867,9,Setembre,63.7,19.5
1867,10,Octubre,35.2,14.6
1867,11,Novembre,32.8,10.7
1867,12,Desembre,8.1,6.6
1868,1,Gener,0.0,6.9
1868,2,Febrer,0.8,8.9
1868,3,Març,4.0,10.4
1868,4,Abril,40.0,12.7
1868,5,Maig,74.1,17.4
1868,6,Juny,19.4,21.8
1868,7,Juliol,43.9,22.8
1868,8,Agost,47.1,22.0
1868,9,Setembre,73.9,19.4
1868,10,Octubre,121.9,14.0
1868,11,Novembre,42.5,9.6
1868,12,Desembre,14.7,11.5
1869,1,Gener,25.0,8.6
1869,2,Febrer,79.3,9.8
1869,3,Març,52.2,8.0
1869,4,Abril,39.1,12.0
1869,5,Maig,21.5,16.8
1869,6,Juny,25.2,18.8
1869,7,Juliol,16.0,23.3
1869,8,Agost,27.5,21.7
1869,9,Setembre,10.7,20.6
1869,10,Octubre,40.7,14.5
1869,11,Novembre,0.0,10.6
1869,12,Desembre,49.0,6.9
1870,1,Gener,54.2,6.9
1870,2,Febrer,75.7,9.2
1870,3,Març,35.2,9.7
1870,4,Abril,94.0,12.0
1870,5,Maig,7.9,17.0
1870,6,Juny,7.4,21.2
1870,7,Juliol,28.5,23.2
1870,8,Agost,101.2,22.0
1870,9,Setembre,24.9,20.1
1870,10,Octubre,68.8,15.8
1870,11,Novembre,64.5,10.2
1870,12,Desembre,30.9,5.3
1871,1,Gener,39.4,4.6
1871,2,Febrer,61.2,8.8
1871,3,Març,64.5,10.8
1871,4,Abril,1.5,14.6
1871,5,Maig,65.5,16.0
1871,6,Juny,88.3,17.0
1871,7,Juliol,0.0,22.6
1871,8,Agost,45.4,22.7
1871,9,Setembre,104.6,21.2
1871,10,Octubre,38.7,16.8
1871,11,Novembre,128.6,9.8
1871,12,Desembre,51.7,4.4
1872,1,Gener,20.6,8.2
1872,2,Febrer,37.1,10.1
1872,3,Març,84.9,11.1
1872,4,Abril,25.2,13.4
1872,5,Maig,108.8,15.2
1872,6,Juny,5.5,19.5
1872,7,Juliol,38.6,22.8
1872,8,Agost,172.7,21.5
1872,9,Setembre,89.1,19.6
1872,10,Octubre,328.6,13.8
1872,11,Novembre,12.0,10.7
1872,12,Desembre,56.9,9.2
1873,1,Gener,9.7,9.5
1873,2,Febrer,38.4,7.3
1873,3,Març,25.0,12.3
1873,4,Abril,146.8,11.1
1873,5,Maig,11.6,16.0
1873,6,Juny,5.4,19.0
1873,7,Juliol,1.1,23.3
1873,8,Agost,0.0,23.6
1873,9,Setembre,111.5,19.1
1873,10,Octubre,64.9,15.0
1873,11,Novembre,36.8,11.1
1873,12,Desembre,1.5,8.0
1874,1,Gener,52.0,8.9
1874,2,Febrer,44.9,8.3
1874,3,Març,45.3,9.7
1874,4,Abril,53.2,13.3
1874,5,Maig,54.1,14.5
1874,6,Juny,15.2,19.7
1874,7,Juliol,49.2,23.1
1874,8,Agost,18.6,22.3
1874,9,Setembre,106.5,20.4
1874,10,Octubre,123.5,16.3
1874,11,Novembre,36.4,11.7
1874,12,Desembre,13.6,6.9
1875,1,Gener,0.1,9.9
1875,2,Febrer,70.0,6.9
1875,3,Març,23.3,10.2
1875,4,Abril,58.8,12.6
1875,5,Maig,11.4,18.6
1875,6,Juny,148.9,19.4
1875,7,Juliol,84.8,20.9
1875,8,Agost,18.0,22.6
1875,9,Setembre,338.5,20.6
1875,10,Octubre,98.9,15.7
1875,11,Novembre,57.1,11.6
1875,12,Desembre,17.6,5.7
1876,1,Gener,60.4,6.9
1876,2,Febrer,25.8,9.9
1876,3,Març,79.6,11.2
1876,4,Abril,103.4,11.6
1876,5,Maig,151.8,14.6
1876,6,Juny,51.4,17.9
1876,7,Juliol,0.0,22.3
1876,8,Agost,4.1,22.6
1876,9,Setembre,33.8,19.1
1876,10,Octubre,184.9,17.6
1876,11,Novembre,23.8,12.2
1876,12,Desembre,14.4,9.8
1877,1,Gener,2.3,10.1
1877,2,Febrer,0.0,9.5
1877,3,Març,24.7,8.4
1877,4,Abril,76.4,10.2
1877,5,Maig,24.3,13.7
1877,6,Juny,23.9,19.1
1877,7,Juliol,22.1,23.4
1877,8,Agost,37.2,24.5
1877,9,Setembre,57.2,17.6
1877,10,Octubre,35.4,14.7
1877,11,Novembre,31.3,13.0
1877,12,Desembre,26.2,7.8
1878,1,Gener,3.2,5.5
1878,2,Febrer,2.8,6.1
1878,3,Març,11.5,9.2
1878,4,Abril,26.6,12.5
1878,5,Maig,15.9,17.2
1878,6,Juny,13.5,19.7
1878,7,Juliol,14.9,22.4
1878,8,Agost,2.2,24.9
1878,9,Setembre,119.7,21.6
1878,10,Octubre,83.2,17.4
1878,11,Novembre,17.3,7.3
1878,12,Desembre,18.4,6.5
1879,1,Gener,97.9,9.7
1879,2,Febrer,56.1,9.0
1879,3,Març,49.2,9.6
1879,4,Abril,33.8,10.4
1879,5,Maig,40.0,11.5
1879,6,Juny,0.0,19.8
1879,7,Juliol,3.4,20.2
1879,8,Agost,93.1,23.0
1879,9,Setembre,119.9,17.3
1879,10,Octubre,121.3,14.3
1879,11,Novembre,91.3,10.3
1879,12,Desembre,11.4,4.6
1880,1,Gener,14.8,5.1
1880,2,Febrer,2.8,8.6
1880,3,Març,66.6,10.2
1880,4,Abril,91.9,11.6
1880,5,Maig,16.5,12.6
1880,6,Juny,42.8,18.3
1880,7,Juliol,0.0,24.2
1880,8,Agost,55.7,23.5
1880,9,Setembre,44.0,21.1
1880,10,Octubre,26.1,17.0
1880,11,Novembre,143.7,9.3
1880,12,Desembre,8.5,8.0
1881,1,Gener,107.3,7.0
1881,2,Febrer,96.8,9.4
1881,3,Març,13.1,10.5
1881,4,Abril,85.1,11.9
1881,5,Maig,12.9,14.0
1881,6,Juny,4.7,16.5
1881,7,Juliol,0.2,23.7
1881,8,Agost,21.1,23.5
1881,9,Setembre,138.4,18.3
1881,10,Octubre,45.2,14.3
1881,11,Novembre,2.2,12.6
1881,12,Desembre,44.7,7.9
1882,1,Gener,48.5,9.0
1882,2,Febrer,103.1,10.1
1882,3,Març,15.8,13.0
1882,4,Abril,83.7,14.8
1882,5,Maig,15.4,18.3
1882,6,Juny,13.6,19.4
1882,7,Juliol,28.4,21.4
1882,8,Agost,90.0,22.6
1882,9,Setembre,155.1,16.9
1882,10,Octubre,78.7,16.4
1882,11,Novembre,0.6,11.2
1882,12,Desembre,54.8,8.6
1883,1,Gener,69.4,7.7
1883,2,Febrer,34.6,7.7
1883,3,Març,42.9,6.1
1883,4,Abril,63.8,11.4
1883,5,Maig,24.1,14.3
1883,6,Juny,49.0,17.5
1883,7,Juliol,20.6,21.2
1883,8,Agost,0.0,22.5
1883,9,Setembre,70.2,17.9
1883,10,Octubre,102.8,14.4
1883,11,Novembre,38.0,12.0
1883,12,Desembre,27.4,6.7
1884,1,Gener,20.4,9.0
1884,2,Febrer,58.2,10.9
1884,3,Març,93.9,10.4
1884,4,Abril,89.9,11.1
1884,5,Maig,63.3,15.6
1884,6,Juny,100.9,17.2
1884,7,Juliol,9.7,24.6
1884,8,Agost,19.4,26.4
1884,9,Setembre,90.5,22.0
1884,10,Octubre,41.5,16.3
1884,11,Novembre,52.8,11.6
1884,12,Desembre,55.9,6.1
1885,1,Gener,20.4,5.2
1885,2,Febrer,12.5,11.1
1885,3,Març,55.3,10.0
1885,4,Abril,58.6,11.5
1885,5,Maig,10.3,15.6
1885,6,Juny,99.9,19.0
1885,7,Juliol,23.6,22.8
1885,8,Agost,9.7,23.1
1885,9,Setembre,109.0,19.0
1885,10,Octubre,64.0,13.4
1885,11,Novembre,55.3,11.9
1885,12,Desembre,17.7,8.9
1886,1,Gener,15.8,6.9
1886,2,Febrer,48.3,8.7
1886,3,Març,37.8,9.8
1886,4,Abril,27.2,11.9
1886,5,Maig,6.4,15.2
1886,6,Juny,53.8,17.8
1886,7,Juliol,16.2,20.8
1886,8,Agost,14.9,20.0
1886,9,Setembre,49.8,18.9
1886,10,Octubre,64.8,14.4
1886,11,Novembre,30.2,8.9
1886,12,Desembre,8.5,6.6
1887,1,Gener,37.4,6.1
1887,2,Febrer,26.3,6.1
1887,3,Març,30.1,9.9
1887,4,Abril,81.5,11.5
1887,5,Maig,37.4,14.0
1887,6,Juny,4.1,20.2
1887,7,Juliol,84.6,21.7
1887,8,Agost,2.9,21.4
1887,9,Setembre,100.7,16.4
1887,10,Octubre,32.3,11.0
1887,11,Novembre,44.6,9.5
1887,12,Desembre,64.8,6.4
1888,1,Gener,32.3,7.6
1888,2,Febrer,29.3,5.4
1888,3,Març,0.0,8.7
1888,4,Abril,74.6,10.4
1888,5,Maig,6.8,15.0
1888,6,Juny,97.6,17.0
1888,7,Juliol,34.7,20.5
1888,8,Agost,18.7,21.2
1888,9,Setembre,116.8,19.0
1888,10,Octubre,37.0,14.9
1888,11,Novembre,48.9,12.5
1888,12,Desembre,102.6,10.4
1889,1,Gener,55.2,7.8
1889,2,Febrer,50.4,8.5
1889,3,Març,26.7,9.2
1889,4,Abril,68.2,11.9
1889,5,Maig,38.4,15.8
1889,6,Juny,44.7,19.9
1889,7,Juliol,39.3,22.1
1889,8,Agost,31.5,21.6
1889,9,Setembre,16.4,20.4
1889,10,Octubre,146.4,15.4
1889,11,Novembre,8.9,12.5
1889,12,Desembre,79.2,6.2
1890,1,Gener,47.8,9.4
1890,2,Febrer,75.8,8.4
1890,3,Març,41.8,9.2
1890,4,Abril,101.5,12.3
1890,5,Maig,30.2,15.3
1890,6,Juny,3.5,20.1
1890,7,Juliol,49.8,20.4
1890,8,Agost,82.6,21.8
1890,9,Setembre,168.8,18.8
1890,10,Octubre,30.1,14.6
1890,11,Novembre,14.4,9.9
1890,12,Desembre,53.1,6.3
1891,1,Gener,32.7,4.9
1891,2,Febrer,3.4,7.0
1891,3,Març,28.0,9.2
1891,4,Abril,71.3,10.7
1891,5,Maig,61.7,14.5
1891,6,Juny,36.1,19.1
1891,7,Juliol,52.4,22.3
1891,8,Agost,21.2,21.2
1891,9,Setembre,137.2,20.0
1891,10,Octubre,176.6,17.3
1891,11,Novembre,70.1,11.6
1891,12,Desembre,67.1,9.3
1892,1,Gener,58.7,7.7
1892,2,Febrer,72.8,8.7
1892,3,Març,117.9,8.6
1892,4,Abril,57.7,12.6
1892,5,Maig,3.9,15.9
1892,6,Juny,30.3,20.4
1892,7,Juliol,0.7,22.4
1892,8,Agost,21.2,22.0
1892,9,Setembre,43.4,19.8
1892,10,Octubre,66.9,14.2
1892,11,Novembre,24.4,11.8
1892,12,Desembre,65.0,6.3
1893,1,Gener,2.1,4.8
1893,2,Febrer,20.5,8.9
1893,3,Març,7.8,11.1
1893,4,Abril,4.1,13.6
1893,5,Maig,13.7,16.5
1893,6,Juny,24.6,19.1
1893,7,Juliol,106.7,22.4
1893,8,Agost,52.5,23.4
1893,9,Setembre,78.7,20.0
1893,10,Octubre,51.8,16.5
1893,11,Novembre,85.1,9.0
1893,12,Desembre,50.0,8.0
1894,1,Gener,54.4,6.2
1894,2,Febrer,7.3,8.6
1894,3,Març,99.9,9.4
1894,4,Abril,44.6,12.8
1894,5,Maig,151.7,15.0
1894,6,Juny,3.5,20.2
1894,7,Juliol,7.4,23.1
1894,8,Agost,43.0,22.2
1894,9,Setembre,58.9,19.3
1894,10,Octubre,55.8,16.1
1894,11,Novembre,98.6,12.3
1894,12,Desembre,0.1,8.0
1895,1,Gener,32.0,5.5
1895,2,Febrer,35.3,8.2
1895,3,Març,46.7,10.2
1895,4,Abril,89.9,13.7
1895,5,Maig,48.9,15.7
1895,6,Juny,68.5,19.7
1895,7,Juliol,0.0,23.4
1895,8,Agost,32.4,23.1
1895,9,Setembre,86.9,22.0
1895,10,Octubre,44.1,16.1
1895,11,Novembre,31.8,13.8
1895,12,Desembre,29.5,9.3
1896,1,Gener,2.5,7.5
1896,2,Febrer,10.6,8.8
1896,3,Març,38.8,11.8
1896,4,Abril,8.4,13.1
1896,5,Maig,58.7,15.8
1896,6,Juny,23.3,19.9
1896,7,Juliol,79.5,23.1
1896,8,Agost,161.6,20.2
1896,9,Setembre,52.5,20.2
1896,10,Octubre,24.5,14.0
1896,11,Novembre,131.7,8.9
1896,12,Desembre,30.2,8.2
1897,1,Gener,53.8,7.1
1897,2,Febrer,38.8,11.0
1897,3,Març,17.9,12.1
1897,4,Abril,51.5,14.1
1897,5,Maig,11.5,16.5
1897,6,Juny,1.9,22.0
1897,7,Juliol,0.0,24.6
1897,8,Agost,85.4,23.0
1897,9,Setembre,210.9,19.4
1897,10,Octubre,75.1,15.1
1897,11,Novembre,113.5,12.8
1897,12,Desembre,74.8,8.9
1898,1,Gener,249.7,9.1
1898,2,Febrer,3.2,9.5
1898,3,Març,150.8,9.2
1898,4,Abril,25.8,12.6
1898,5,Maig,16.5,15.4
1898,6,Juny,27.2,18.9
1898,7,Juliol,1.9,21.6
1898,8,Agost,0.0,21.6
1898,9,Setembre,24.9,21.2
1898,10,Octubre,57.8,16.4
1898,11,Novembre,125.9,11.9
1898,12,Desembre,0.0,8.7
1899,1,Gener,37.4,8.1
1899,2,Febrer,10.0,9.6
1899,3,Març,80.6,9.8
1899,4,Abril,24.8,12.9
1899,5,Maig,93.8,16.0
1899,6,Juny,75.7,18.8
1899,7,Juliol,54.9,22.4
1899,8,Agost,32.9,23.4
1899,9,Setembre,98.5,21.1
1899,10,Octubre,39.6,17.9
1899,11,Novembre,2.4,12.5
1899,12,Desembre,48.2,7.7
1900,1,Gener,1.7,8.0
1900,2,Febrer,90.3,10.5
1900,3,Març,71.0,8.8
1900,4,Abril,4.1,13.1
1900,5,Maig,49.8,16.3
1900,6,Juny,20.8,20.8
1900,7,Juliol,10.6,23.9
1900,8,Agost,107.9,22.1
1900,9,Setembre,63.9,21.3
1900,10,Octubre,75.0,16.6
1900,11,Novembre,109.3,10.9
1900,12,Desembre,0.0,9.7
1901,1,Gener,62.1,8.2
1901,2,Febrer,20.5,4.8
1901,3,Març,69.6,9.6
1901,4,Abril,34.5,12.5
1901,5,Maig,37.0,15.8
1901,6,Juny,178.5,20.7
1901,7,Juliol,122.7,22.4
1901,8,Agost,9.2,22.3
1901,9,Setembre,121.6,20.2
1901,10,Octubre,154.8,14.0
1901,11,Novembre,10.8,9.6
1901,12,Desembre,209.3,6.7
1902,1,Gener,8.7,7.6
1902,2,Febrer,43.6,8.7
1902,3,Març,6.0,11.1
1902,4,Abril,149.1,12.8
1902,5,Maig,51.6,13.2
1902,6,Juny,62.9,17.3
1902,7,Juliol,25.5,22.3
1902,8,Agost,109.0,21.3
1902,9,Setembre,63.5,18.7
1902,10,Octubre,43.4,14.5
1902,11,Novembre,28.0,10.9
1902,12,Desembre,70.4,7.6
1903,1,Gener,106.7,6.9
1903,2,Febrer,0.0,8.4
1903,3,Març,19.5,9.7
1903,4,Abril,41.6,11.1
1903,5,Maig,46.0,15.6
1903,6,Juny,54.4,18.7
1903,7,Juliol,9.5,21.9
1903,8,Agost,1.1,22.4
1903,9,Setembre,45.3,19.1
1903,10,Octubre,56.9,16.6
1903,11,Novembre,0.0,10.9
1903,12,Desembre,87.4,7.1
1904,1,Gener,131.3,6.6
1904,2,Febrer,56.2,9.0
1904,3,Març,29.8,9.1
1904,4,Abril,58.8,13.4
1904,5,Maig,10.7,17.2
1904,6,Juny,47.6,20.0
1904,7,Juliol,0.0,24.6
1904,8,Agost,30.4,23.7
1904,9,Setembre,41.3,19.2
1904,10,Octubre,4.6,15.7
1904,11,Novembre,24.7,10.5
1904,12,Desembre,12.6,8.8
1905,1,Gener,67.7,7.0
1905,2,Febrer,0.0,7.6
1905,3,Març,24.1,11.1
1905,4,Abril,30.4,13.8
1905,5,Maig,78.6,14.7
1905,6,Juny,60.2,19.9
1905,7,Juliol,10.3,23.9
1905,8,Agost,2.3,22.7
1905,9,Setembre,92.6,18.8
1905,10,Octubre,65.7,13.0
1905,11,Novembre,59.8,9.3
1905,12,Desembre,34.2,7.5
1906,1,Gener,19.3,8.2
1906,2,Febrer,92.7,7.2
1906,3,Març,79.3,8.8
1906,4,Abril,102.2,10.7
1906,5,Maig,26.7,15.3
1906,6,Juny,13.6,20.3
1906,7,Juliol,55.6,22.0
1906,8,Agost,7.6,23.7
1906,9,Setembre,52.1,19.8
1906,10,Octubre,82.2,16.3
1906,11,Novembre,15.6,11.6
1906,12,Desembre,127.2,7.4
1907,1,Gener,15.8,7.1
1907,2,Febrer,16.2,7.2
1907,3,Març,0.9,9.8
1907,4,Abril,99.0,11.7
1907,5,Maig,109.5,14.7
1907,6,Juny,53.4,18.5
1907,7,Juliol,9.4,20.4
1907,8,Agost,0.9,22.4
1907,9,Setembre,167.8,18.9
1907,10,Octubre,227.2,14.2
1907,11,Novembre,91.2,11.0
1907,12,Desembre,27.2,9.3
1908,1,Gener,45.5,7.4
1908,2,Febrer,25.6,7.9
1908,3,Març,86.6,8.2
1908,4,Abril,117.7,10.3
1908,5,Maig,11.2,17.0
1908,6,Juny,26.3,19.2
1908,7,Juliol,45.3,22.1
1908,8,Agost,6.8,22.0
1908,9,Setembre,40.1,19.2
1908,10,Octubre,53.6,15.8
1908,11,Novembre,116.0,11.7
1908,12,Desembre,51.3,8.6
1909,1,Gener,35.3,6.3
1909,2,Febrer,29.1,5.7
1909,3,Març,36.4,9.0
1909,4,Abril,8.1,12.3
1909,5,Maig,97.1,14.8
1909,6,Juny,26.2,17.4
1909,7,Juliol,12.2,20.4
1909,8,Agost,71.5,22.0
1909,9,Setembre,102.3,18.0
1909,10,Octubre,56.9,16.4
1909,11,Novembre,58.6,9.9
1909,12,Desembre,14.2,9.5
1910,1,Gener,0.9,7.8
1910,2,Febrer,1.7,8.9
1910,3,Març,87.3,9.5
1910,4,Abril,31.7,11.2
1910,5,Maig,103.2,13.4
1910,6,Juny,7.8,19.7
1910,7,Juliol,27.1,20.8
1910,8,Agost,39.9,21.8
1910,9,Setembre,179.4,18.4
1910,10,Octubre,30.7,15.8
1910,11,Novembre,8.4,12.1
1910,12,Desembre,34.5,9.7
1911,1,Gener,59.4,6.7
1911,2,Febrer,27.9,9.1
1911,3,Març,82.1,10.2
1911,4,Abril,88.4,12.0
1911,5,Maig,34.1,15.6
1911,6,Juny,32.8,19.1
1911,7,Juliol,0.0,24.3
1911,8,Agost,1.5,25.3
1911,9,Setembre,19.3,22.4
1911,10,Octubre,128.2,16.3
1911,11,Novembre,23.9,12.4
1911,12,Desembre,8.7,10.8
1912,1,Gener,54.5,9.4
1912,2,Febrer,20.8,10.7
1912,3,Març,8.9,12.7
1912,4,Abril,53.1,12.2
1912,5,Maig,31.7,16.8
1912,6,Juny,34.5,18.7
1912,7,Juliol,55.6,21.1
1912,8,Agost,54.5,20.6
1912,9,Setembre,68.6,17.0
1912,10,Octubre,22.9,14.0
1912,11,Novembre,18.1,10.0
1912,12,Desembre,24.1,8.7
1913,1,Gener,48.4,9.3
1913,2,Febrer,102.0,8.6
1913,3,Març,39.0,10.0
1913,4,Abril,77.0,10.1
1913,5,Maig,47.9,13.5
1913,6,Juny,18.4,16.2
1913,7,Juliol,7.5,21.1
1913,8,Agost,50.4,22.1
1913,9,Setembre,157.8,19.5
1913,10,Octubre,30.9,16.7
1913,11,Novembre,0.0,13.6
1913,12,Desembre,31.0,9.0
1914,1,Gener,18.8,4.9
1914,2,Febrer,18.2,10.2
1914,3,Març,33.1,11.3
1914,4,Abril,30.1,13.5
1914,5,Maig,171.2,14.5
1914,6,Juny,27.6,17.9
1914,7,Juliol,82.2,20.5
1914,8,Agost,30.9,21.2
1914,9,Setembre,27.3,20.7
1914,10,Octubre,236.3,14.9
1914,11,Novembre,39.3,10.4
1914,12,Desembre,25.0,9.0
1915,1,Gener,13.8,6.7
1915,2,Febrer,12.2,7.6
1915,3,Març,28.8,9.7
1915,4,Abril,115.4,10.8
1915,5,Maig,102.2,15.7
1915,6,Juny,66.1,19.7
1915,7,Juliol,29.1,21.8
1915,8,Agost,39.0,21.7
1915,9,Setembre,71.0,18.7
1915,10,Octubre,35.1,13.8
1915,11,Novembre,78.1,10.2
1915,12,Desembre,50.1,10.0
1916,1,Gener,0.0,9.1
1916,2,Febrer,132.7,7.9
1916,3,Març,35.2,9.4
1916,4,Abril,79.0,12.1
1916,5,Maig,24.0,16.6
1916,6,Juny,4.8,18.1
1916,7,Juliol,1.0,21.9
1916,8,Agost,7.5,23.6
1916,9,Setembre,73.1,18.1
1916,10,Octubre,93.6,15.8
1916,11,Novembre,40.2,11.5
1916,12,Desembre,58.3,9.1
1917,1,Gener,46.4,6.1
1917,2,Febrer,121.2,7.0
1917,3,Març,39.2,8.9
1917,4,Abril,44.6,10.5
1917,5,Maig,78.4,15.7
1917,6,Juny,26.3,20.2
1917,7,Juliol,11.6,22.4
1917,8,Agost,40.3,21.1
1917,9,Setembre,30.8,21.4
1917,10,Octubre,6.3,14.7
1917,11,Novembre,36.6,10.7
1917,12,Desembre,166.1,5.0
1918,1,Gener,12.4,7.7
1918,2,Febrer,6.9,9.0
1918,3,Març,114.1,9.2
1918,4,Abril,89.4,10.6
1918,5,Maig,53.1,16.0
1918,6,Juny,30.1,18.6
1918,7,Juliol,25.0,22.0
1918,8,Agost,10.2,22.4
1918,9,Setembre,15.6,20.9
1918,10,Octubre,185.7,13.0
1918,11,Novembre,147.3,11.1
1918,12,Desembre,5.0,10.3
1919,1,Gener,42.7,6.2
1919,2,Febrer,22.8,8.9
1919,3,Març,46.8,10.1
1919,4,Abril,19.7,11.4
1919,5,Maig,45.3,16.2
1919,6,Juny,69.4,20.4
1919,7,Juliol,1.5,20.1
1919,8,Agost,21.4,24.3
1919,9,Setembre,61.9,19.8
1919,10,Octubre,96.0,12.5
1919,11,Novembre,58.6,9.0
1919,12,Desembre,3.2,8.5
1920,1,Gener,32.6,9.0
1920,2,Febrer,25.5,9.9
1920,3,Març,44.5,11.0
1920,4,Abril,10.9,13.3
1920,5,Maig,9.7,18.9
1920,6,Juny,61.8,20.6
1920,7,Juliol,67.1,21.0
1920,8,Agost,44.0,21.3
1920,9,Setembre,99.5,19.4
1920,10,Octubre,178.6,15.6
1920,11,Novembre,60.0,11.0
1920,12,Desembre,46.0,7.6
1921,1,Gener,0.7,9.1
1921,2,Febrer,124.8,8.1
1921,3,Març,102.1,10.3
1921,4,Abril,40.4,11.5
1921,5,Maig,159.0,15.1
1921,6,Juny,9.6,20.4
1921,7,Juliol,9.7,24.4
1921,8,Agost,100.5,22.2
1921,9,Setembre,16.2,21.0
1921,10,Octubre,9.4,18.5
1921,11,Novembre,289.2,11.0
1921,12,Desembre,24.7,8.9
1922,1,Gener,35.1,7.7
1922,2,Febrer,20.9,9.8
1922,3,Març,79.6,10.4
1922,4,Abril,31.9,12.4
1922,5,Maig,27.6,19.1
1922,6,Juny,92.3,19.4
1922,7,Juliol,73.8,20.7
1922,8,Agost,5.4,22.8
1922,9,Setembre,77.8,17.7
1922,10,Octubre,81.5,15.0
1922,11,Novembre,7.3,9.8
1922,12,Desembre,17.5,7.5
1923,1,Gener,20.9,5.9
1923,2,Febrer,5.5,10.1
1923,3,Març,103.3,10.0
1923,4,Abril,101.1,11.3
1923,5,Maig,80.3,15.3
1923,6,Juny,20.8,17.6
1923,7,Juliol,1.5,23.6
1923,8,Agost,39.2,25.1
1923,9,Setembre,93.1,19.1
1923,10,Octubre,36.1,17.8
1923,11,Novembre,89.5,10.1
1923,12,Desembre,21.9,7.3
1924,1,Gener,20.6,8.1
1924,2,Febrer,72.3,5.6
1924,3,Març,24.0,10.9
1924,4,Abril,13.5,13.5
1924,5,Maig,15.2,18.0
1924,6,Juny,25.5,20.5
1924,7,Juliol,15.9,23.1
1924,8,Agost,48.7,20.5
1924,9,Setembre,46.0,19.8
1924,10,Octubre,57.0,15.7
1924,11,Novembre,75.7,12.2
1924,12,Desembre,29.4,8.9
1925,1,Gener,9.7,9.0
1925,2,Febrer,29.8,8.2
1925,3,Març,122.7,7.5
1925,4,Abril,23.4,12.0
1925,5,Maig,72.8,15.5
1925,6,Juny,5.4,21.1
1925,7,Juliol,25.1,21.3
1925,8,Agost,32.5,22.6
1925,9,Setembre,28.4,18.4
1925,10,Octubre,177.0,16.2
1925,11,Novembre,87.8,9.9
1925,12,Desembre,22.7,8.0
1926,1,Gener,31.9,8.5
1926,2,Febrer,16.4,11.6
1926,3,Març,8.1,12.0
1926,4,Abril,36.2,13.4
1926,5,Maig,101.1,14.2
1926,6,Juny,7.6,18.7
1926,7,Juliol,57.0,21.6
1926,8,Agost,164.1,22.8
1926,9,Setembre,8.5,22.1
1926,10,Octubre,97.9,17.1
1926,11,Novembre,121.0,11.5
1926,12,Desembre,13.1,7.0
1927,1,Gener,2.3,8.3
1927,2,Febrer,38.1,8.9
1927,3,Març,39.8,10.7
1927,4,Abril,9.9,14.4
1927,5,Maig,44.6,16.8
1927,6,Juny,24.7,19.9
1927,7,Juliol,10.5,22.6
1927,8,Agost,5.7,23.2
1927,9,Setembre,92.7,20.1
1927,10,Octubre,108.2,16.3
1927,11,Novembre,50.8,11.4
1927,12,Desembre,128.4,8.6
1928,1,Gener,23.2,7.8
1928,2,Febrer,95.1,10.2
1928,3,Març,112.9,10.3
1928,4,Abril,45.8,12.0
1928,5,Maig,49.7,14.7
1928,6,Juny,0.7,20.4
1928,7,Juliol,3.0,25.7
1928,8,Agost,1.0,25.4
1928,9,Setembre,27.2,21.7
1928,10,Octubre,258.5,16.5
1928,11,Novembre,69.4,11.5
1928,12,Desembre,62.2,7.7
1929,1,Gener,24.7,5.3
1929,2,Febrer,17.6,7.3
1929,3,Març,32.2,10.4
1929,4,Abril,35.6,11.9
1929,5,Maig,26.2,15.9
1929,6,Juny,51.8,21.4
1929,7,Juliol,0.0,24.3
1929,8,Agost,86.3,21.9
1929,9,Setembre,34.8,21.2
1929,10,Octubre,69.5,16.0
1929,11,Novembre,43.7,11.4
1929,12,Desembre,23.7,10.3
1930,1,Gener,123.0,9.0
1930,2,Febrer,49.8,6.3
1930,3,Març,78.0,11.0
1930,4,Abril,38.5,12.3
1930,5,Maig,46.1,15.7
1930,6,Juny,24.9,20.7
1930,7,Juliol,13.6,22.0
1930,8,Agost,46.5,22.5
1930,9,Setembre,46.0,21.1
1930,10,Octubre,33.9,17.1
1930,11,Novembre,15.1,13.9
1930,12,Desembre,26.0,9.1
1931,1,Gener,1.4,8.0
1931,2,Febrer,32.1,7.3
1931,3,Març,151.8,11.8
1931,4,Abril,25.4,12.7
1931,5,Maig,66.8,16.1
1931,6,Juny,6.9,22.7
1931,7,Juliol,2.8,22.7
1931,8,Agost,60.9,22.2
1931,9,Setembre,102.7,17.6
1931,10,Octubre,99.4,15.6
1931,11,Novembre,64.1,11.9
1931,12,Desembre,22.6,7.0
1932,1,Gener,25.0,8.8
1932,2,Febrer,42.7,5.0
1932,3,Març,63.3,10.1
1932,4,Abril,46.6,11.0
1932,5,Maig,48.9,15.2
1932,6,Juny,57.2,18.0
1932,7,Juliol,163.2,19.7
1932,8,Agost,50.2,23.6
1932,9,Setembre,66.6,20.8
1932,10,Octubre,20.2,15.5
1932,11,Novembre,72.0,12.2
1932,12,Desembre,146.0,10.0
1933,1,Gener,27.3,6.5
1933,2,Febrer,26.6,8.8
1933,3,Març,53.8,11.0
1933,4,Abril,56.1,14.3
1933,5,Maig,39.5,16.7
1933,6,Juny,100.8,16.7
1933,7,Juliol,3.6,23.6
1933,8,Agost,8.6,25.3
1933,9,Setembre,140.1,20.7
1933,10,Octubre,15.1,16.6
1933,11,Novembre,132.8,9.0
1933,12,Desembre,107.2,5.6
1934,1,Gener,3.3,6.9
1934,2,Febrer,24.0,8.2
1934,3,Març,15.9,9.9
1934,4,Abril,68.4,12.1
1934,5,Maig,6.0,18.7
1934,6,Juny,20.6,21.5
1934,7,Juliol,0.2,24.4
1934,8,Agost,62.7,21.4
1934,9,Setembre,97.2,21.1
1934,10,Octubre,29.7,16.9
1934,11,Novembre,172.3,8.9
1934,12,Desembre,16.7,10.9
1935,1,Gener,16.5,5.9
1935,2,Febrer,19.7,8.5
1935,3,Març,122.4,10.2
1935,4,Abril,18.7,13.0
1935,5,Maig,100.9,13.8
1935,6,Juny,0.2,21.1
1935,7,Juliol,22.3,24.2
1935,8,Agost,34.8,22.4
1935,9,Setembre,37.3,21.2
1935,10,Octubre,85.8,14.6
1935,11,Novembre,33.2,11.2
1935,12,Desembre,26.4,8.8
1936,1,Gener,4.9,10.5
1936,2,Febrer,14.5,9.6
1936,3,Març,98.8,10.7
1936,4,Abril,40.9,12.4
1936,5,Maig,165.5,14.9
1936,6,Juny,46.5,18.4
1936,7,Juliol,24.0,21.3
1936,8,Agost,5.3,22.7
1936,9,Setembre,32.6,20.8
1936,10,Octubre,38.8,13.7
1936,11,Novembre,183.1,11.1
1936,12,Desembre,35.2,7.5
1937,1,Gener,13.4,9.3
1937,2,Febrer,12.6,11.4
1937,3,Març,57.0,10.0
1937,4,Abril,21.8,13.2
1937,5,Maig,26.9,17.4
1937,6,Juny,83.2,20.9
1937,7,Juliol,12.8,23.4
1937,8,Agost,7.8,24.4
1937,9,Setembre,18.8,20.6
1937,10,Octubre,141.3,15.3
1937,11,Novembre,6.6,12.4
1937,12,Desembre,1.0,7.1
1938,1,Gener,0.0,8.1
1938,2,Febrer,15.5,7.8
1938,3,Març,24.5,12.4
1938,4,Abril,54.2,12.4
1938,5,Maig,61.3,14.3
1938,6,Juny,23.1,21.1
1938,7,Juliol,6.9,22.8
1938,8,Agost,111.1,22.3
1938,9,Setembre,170.9,19.3
1938,10,Octubre,12.4,16.5
1938,11,Novembre,5.9,13.5
1938,12,Desembre,44.0,8.1
1939,1,Gener,48.9,9.4
1939,2,Febrer,18.5,9.5
1939,3,Març,47.1,9.0
1939,4,Abril,44.4,12.7
1939,5,Maig,65.2,14.2
1939,6,Juny,69.2,18.4
1939,7,Juliol,7.7,21.6
1939,8,Agost,85.5,22.0
1939,9,Setembre,128.4,19.4
1939,10,Octubre,47.4,15.4
1939,11,Novembre,32.0,12.1
1939,12,Desembre,80.1,8.0
1940,1,Gener,23.6,6.8
1940,2,Febrer,27.3,10.2
1940,3,Març,33.7,12.1
1940,4,Abril,11.8,13.1
1940,5,Maig,48.4,16.3
1940,6,Juny,35.6,19.1
1940,7,Juliol,72.4,21.2
1940,8,Agost,27.5,22.1
1940,9,Setembre,113.0,20.1
1940,10,Octubre,53.9,14.5
1940,11,Novembre,1.6,11.4
1940,12,Desembre,35.0,5.9
1941,1,Gener,140.6,6.2
1941,2,Febrer,9.7,8.6
1941,3,Març,4.1,11.3
1941,4,Abril,49.1,11.9
1941,5,Maig,38.1,13.8
1941,6,Juny,35.2,19.8
1941,7,Juliol,70.7,23.1
1941,8,Agost,50.8,21.1
1941,9,Setembre,52.2,19.1
1941,10,Octubre,41.0,15.0
1941,11,Novembre,91.2,10.3
1941,12,Desembre,2.4,7.1
1942,1,Gener,24.4,6.1
1942,2,Febrer,68.3,5.7
1942,3,Març,15.9,11.7
1942,4,Abril,185.7,12.8
1942,5,Maig,7.1,16.5
1942,6,Juny,45.5,21.1
1942,7,Juliol,22.7,22.4
1942,8,Agost,93.7,21.9
1942,9,Setembre,52.0,20.4
1942,10,Octubre,35.4,18.2
1942,11,Novembre,27.6,10.8
1942,12,Desembre,43.2,8.7
1943,1,Gener,3.6,9.5
1943,2,Febrer,24.3,9.2
1943,3,Març,83.9,11.3
1943,4,Abril,17.6,14.3
1943,5,Maig,53.0,18.1
1943,6,Juny,9.3,21.7
1943,7,Juliol,83.7,23.2
1943,8,Agost,21.1,23.6
1943,9,Setembre,112.9,20.8
1943,10,Octubre,104.1,16.5
1943,11,Novembre,131.8,9.4
1943,12,Desembre,222.5,7.9
1944,1,Gener,0.0,9.5
1944,2,Febrer,275.1,5.8
1944,3,Març,26.2,9.4
1944,4,Abril,75.4,14.3
1944,5,Maig,29.5,17.0
1944,6,Juny,44.1,20.0
1944,7,Juliol,2.3,22.5
1944,8,Agost,78.9,24.3
1944,9,Setembre,87.0,20.0
1944,10,Octubre,55.1,13.6
1944,11,Novembre,24.0,11.5
1944,12,Desembre,48.3,7.3
1945,1,Gener,124.6,4.3
1945,2,Febrer,11.7,10.6
1945,3,Març,13.8,10.9
1945,4,Abril,32.8,15.3
1945,5,Maig,32.9,17.5
1945,6,Juny,13.9,22.3
1945,7,Juliol,10.2,24.1
1945,8,Agost,95.9,21.9
1945,9,Setembre,1.4,21.0
1945,10,Octubre,34.6,17.2
1945,11,Novembre,37.8,11.4
1945,12,Desembre,36.3,8.9
1946,1,Gener,83.2,6.6
1946,2,Febrer,3.8,9.6
1946,3,Març,51.4,9.4
1946,4,Abril,106.9,12.8
1946,5,Maig,91.7,15.0
1946,6,Juny,43.5,18.8
1946,7,Juliol,0.0,23.5
1946,8,Agost,55.7,22.4
1946,9,Setembre,38.4,21.4
1946,10,Octubre,101.6,16.7
1946,11,Novembre,14.1,10.9
1946,12,Desembre,28.4,6.5
1947,1,Gener,14.5,6.5
1947,2,Febrer,79.3,8.1
1947,3,Març,19.4,12.2
1947,4,Abril,6.1,14.5
1947,5,Maig,30.9,16.9
1947,6,Juny,2.9,22.3
1947,7,Juliol,41.5,25.1
1947,8,Agost,28.0,24.9
1947,9,Setembre,60.1,20.8
1947,10,Octubre,57.3,16.8
1947,11,Novembre,59.4,14.4
1947,12,Desembre,44.2,7.5
1948,1,Gener,32.8,9.4
1948,2,Febrer,88.2,9.1
1948,3,Març,78.4,13.1
1948,4,Abril,42.6,13.4
1948,5,Maig,62.6,16.3
1948,6,Juny,71.0,20.3
1948,7,Juliol,5.3,21.0
1948,8,Agost,11.5,23.4
1948,9,Setembre,78.5,20.3
1948,10,Octubre,74.0,16.6
1948,11,Novembre,0.0,14.0
1948,12,Desembre,84.3,10.3
1949,1,Gener,3.5,8.6
1949,2,Febrer,32.3,10.4
1949,3,Març,41.7,9.7
1949,4,Abril,53.8,15.1
1949,5,Maig,122.6,14.8
1949,6,Juny,15.7,20.9
1949,7,Juliol,4.4,25.6
1949,8,Agost,24.8,24.0
1949,9,Setembre,26.1,22.6
1949,10,Octubre,51.1,17.7
1949,11,Novembre,34.1,11.7
1949,12,Desembre,39.2,9.1
1950,1,Gener,7.3,8.4
1950,2,Febrer,4.8,10.1
1950,3,Març,91.5,11.4
1950,4,Abril,66.8,11.5
1950,5,Maig,47.1,16.6
1950,6,Juny,31.8,22.2
1950,7,Juliol,0.0,25.6
1950,8,Agost,110.8,22.9
1950,9,Setembre,28.5,20.6
1950,10,Octubre,20.1,17.1
1950,11,Novembre,6.4,13.1
1950,12,Desembre,64.6,5.9
1951,1,Gener,56.8,8.1
1951,2,Febrer,30.4,8.2
1951,3,Març,74.2,9.9
1951,4,Abril,66.3,11.5
1951,5,Maig,87.8,14.2
1951,6,Juny,41.3,20.1
1951,7,Juliol,36.7,22.6
1951,8,Agost,124.3,21.6
1951,9,Setembre,56.0,20.1
1951,10,Octubre,281.1,14.4
1951,11,Novembre,88.5,11.6
1951,12,Desembre,21.3,9.5
1952,1,Gener,25.8,5.7
1952,2,Febrer,26.3,7.6
1952,3,Març,36.5,12.3
1952,4,Abril,31.9,13.5
1952,5,Maig,21.4,17.8
1952,6,Juny,37.6,22.5
1952,7,Juliol,50.7,24.3
1952,8,Agost,2.4,23.6
1952,9,Setembre,77.1,18.7
1952,10,Octubre,48.8,16.6
1952,11,Novembre,49.0,10.9
1952,12,Desembre,14.3,8.3
1953,1,Gener,0.2,6.7
1953,2,Febrer,14.3,7.1
1953,3,Març,30.7,10.0
1953,4,Abril,24.5,13.3
1953,5,Maig,34.4,18.7
1953,6,Juny,123.6,18.5
1953,7,Juliol,52.6,21.9
1953,8,Agost,13.3,23.0
1953,9,Setembre,135.3,20.7
1953,10,Octubre,151.2,16.1
1953,11,Novembre,0.7,12.8
1953,12,Desembre,12.3,11.2
1954,1,Gener,37.6,6.1
1954,2,Febrer,46.7,6.8
1954,3,Març,80.2,10.7
1954,4,Abril,82.9,11.4
1954,5,Maig,122.0,15.0
1954,6,Juny,55.4,19.6
1954,7,Juliol,48.3,20.6
1954,8,Agost,7.6,21.5
1954,9,Setembre,57.0,20.2
1954,10,Octubre,4.1,17.4
1954,11,Novembre,8.4,13.3
1954,12,Desembre,29.7,10.0
1955,1,Gener,94.9,10.6
1955,2,Febrer,47.0,8.6
1955,3,Març,45.0,9.7
1955,4,Abril,9.0,13.8
1955,5,Maig,3.3,16.8
1955,6,Juny,72.2,19.6
1955,7,Juliol,32.4,23.4
1955,8,Agost,54.2,22.8
1955,9,Setembre,60.2,19.8
1955,10,Octubre,87.4,15.3
1955,11,Novembre,10.1,11.3
1955,12,Desembre,31.2,10.6
1956,1,Gener,14.5,8.9
1956,2,Febrer,17.4,2.5
1956,3,Març,83.9,10.4
1956,4,Abril,57.1,11.2
1956,5,Maig,68.4,17.0
1956,6,Juny,24.7,17.7
1956,7,Juliol,7.4,22.4
1956,8,Agost,60.8,22.0
1956,9,Setembre,10.2,21.0
1956,10,Octubre,65.2,15.0
1956,11,Novembre,89.2,9.1
1956,12,Desembre,15.1,8.1
1957,1,Gener,2.2,7.3
1957,2,Febrer,16.7,11.0
1957,3,Març,1.6,12.2
1957,4,Abril,94.4,12.4
1957,5,Maig,56.0,14.1
1957,6,Juny,46.8,18.5
1957,7,Juliol,37.8,22.0
1957,8,Agost,46.1,21.9
1957,9,Setembre,24.8,20.2
1957,10,Octubre,79.9,15.1
1957,11,Novembre,72.3,10.8
1957,12,Desembre,35.3,7.8
1958,1,Gener,50.4,7.3
1958,2,Febrer,0.0,10.5
1958,3,Març,26.6,10.3
1958,4,Abril,47.4,11.1
1958,5,Maig,16.5,17.3
1958,6,Juny,31.1,19.4
1958,7,Juliol,61.5,22.0
1958,8,Agost,20.7,22.8
1958,9,Setembre,16.8,21.7
1958,10,Octubre,33.0,15.9
1958,11,Novembre,63.8,11.6
1958,12,Desembre,98.1,9.6
1959,1,Gener,1.8,8.2
1959,2,Febrer,71.8,9.5
1959,3,Març,135.1,11.4
1959,4,Abril,8.9,13.4
1959,5,Maig,143.2,15.9
1959,6,Juny,45.0,19.8
1959,7,Juliol,38.0,24.0
1959,8,Agost,10.2,22.5
1959,9,Setembre,284.5,19.3
1959,10,Octubre,140.4,14.9
1959,11,Novembre,52.0,10.5
1959,12,Desembre,32.9,8.9
1960,1,Gener,21.6,8.1
1960,2,Febrer,34.8,9.6
1960,3,Març,89.6,11.2
1960,4,Abril,15.6,12.9
1960,5,Maig,3.6,18.1
1960,6,Juny,50.9,20.8
1960,7,Juliol,45.4,21.2
1960,8,Agost,56.1,22.0
1960,9,Setembre,62.3,18.4
1960,10,Octubre,103.4,14.1
1960,11,Novembre,16.1,11.6
1960,12,Desembre,83.3,6.6
1961,1,Gener,51.9,7.2
1961,2,Febrer,0.4,11.0
1961,3,Març,8.0,12.1
1961,4,Abril,30.8,14.8
1961,5,Maig,39.6,16.8
1961,6,Juny,24.2,20.8
1961,7,Juliol,24.4,22.8
1961,8,Agost,34.5,22.3
1961,9,Setembre,108.3,21.3
1961,10,Octubre,13.4,15.9
1961,11,Novembre,78.2,11.3
1961,12,Desembre,3.4,10.4
1962,1,Gener,57.3,9.5
1962,2,Febrer,77.2,8.0
1962,3,Març,52.0,9.2
1962,4,Abril,60.5,12.2
1962,5,Maig,77.4,15.0
1962,6,Juny,10.5,19.6
1962,7,Juliol,7.3,22.4
1962,8,Agost,3.4,23.8
1962,9,Setembre,149.9,21.0
1962,10,Octubre,93.9,16.7
1962,11,Novembre,170.7,9.1
1962,12,Desembre,78.9,6.8
1963,1,Gener,127.9,6.1
1963,2,Febrer,43.6,5.4
1963,3,Març,11.6,10.8
1963,4,Abril,56.7,12.7
1963,5,Maig,16.1,16.1
1963,6,Juny,72.5,19.5
1963,7,Juliol,17.7,23.7
1963,8,Agost,88.4,21.1
1963,9,Setembre,173.3,18.5
1963,10,Octubre,55.3,16.3
1963,11,Novembre,78.1,13.0
1963,12,Desembre,49.6,7.2
1964,1,Gener,9.0,7.4
1964,2,Febrer,75.9,9.2
1964,3,Març,57.1,10.4
1964,4,Abril,39.0,12.6
1964,5,Maig,26.4,18.4
1964,6,Juny,30.2,21.1
1964,7,Juliol,1.9,24.5
1964,8,Agost,58.9,22.7
1964,9,Setembre,59.6,21.2
1964,10,Octubre,17.6,14.5
1964,11,Novembre,39.1,12.3
1964,12,Desembre,67.2,8.0
1965,1,Gener,15.9,7.6
1965,2,Febrer,32.6,5.8
1965,3,Març,30.1,10.7
1965,4,Abril,40.2,12.4
1965,5,Maig,14.1,17.2
1965,6,Juny,7.4,21.2
1965,7,Juliol,28.7,22.5
1965,8,Agost,16.2,22.2
1965,9,Setembre,55.3,17.9
1965,10,Octubre,285.1,16.4
1965,11,Novembre,41.8,11.1
1965,12,Desembre,18.6,9.3
1966,1,Gener,29.9,8.8
1966,2,Febrer,44.2,11.3
1966,3,Març,13.7,10.7
1966,4,Abril,76.7,13.9
1966,5,Maig,57.1,16.2
1966,6,Juny,21.7,20.5
1966,7,Juliol,51.4,20.9
1966,8,Agost,62.6,21.7
1966,9,Setembre,43.5,21.3
1966,10,Octubre,134.1,15.9
1966,11,Novembre,28.2,9.1
1966,12,Desembre,0.0,8.9
1967,1,Gener,21.0,8.0
1967,2,Febrer,26.0,9.3
1967,3,Març,42.6,11.9
1967,4,Abril,71.0,12.5
1967,5,Maig,37.6,15.8
1967,6,Juny,42.9,18.8
1967,7,Juliol,1.2,24.7
1967,8,Agost,58.4,23.1
1967,9,Setembre,25.0,20.0
1967,10,Octubre,113.8,17.7
1967,11,Novembre,110.4,12.5
1967,12,Desembre,20.4,7.4
1968,1,Gener,1.9,8.7
1968,2,Febrer,35.9,9.0
1968,3,Març,33.7,9.9
1968,4,Abril,45.7,12.9
1968,5,Maig,45.0,15.8
1968,6,Juny,95.5,19.1
1968,7,Juliol,5.5,22.1
1968,8,Agost,85.4,21.2
1968,9,Setembre,17.6,19.9
1968,10,Octubre,0.8,18.7
1968,11,Novembre,159.6,12.1
1968,12,Desembre,51.5,9.0
1969,1,Gener,27.4,8.5
1969,2,Febrer,31.6,6.9
1969,3,Març,92.7,10.2
1969,4,Abril,153.7,12.0
1969,5,Maig,21.5,16.4
1969,6,Juny,26.6,17.7
1969,7,Juliol,17.0,23.2
1969,8,Agost,51.4,22.4
1969,9,Setembre,122.9,18.6
1969,10,Octubre,138.5,16.3
1969,11,Novembre,44.4,10.8
1969,12,Desembre,35.8,6.9
1970,1,Gener,29.2,9.5
1970,2,Febrer,0.0,8.5
1970,3,Març,38.4,8.5
1970,4,Abril,19.7,12.0
1970,5,Maig,79.6,15.8
1970,6,Juny,6.1,21.1
1970,7,Juliol,13.9,22.7
1970,8,Agost,25.8,22.5
1970,9,Setembre,2.0,22.0
1970,10,Octubre,132.0,15.9
1970,11,Novembre,32.4,13.4
1970,12,Desembre,109.0,6.5
1971,1,Gener,19.4,7.8
1971,2,Febrer,5.6,9.2
1971,3,Març,69.1,7.5
1971,4,Abril,97.5,13.2
1971,5,Maig,75.5,15.0
1971,6,Juny,41.7,18.5
1971,7,Juliol,41.6,23.4
1971,8,Agost,25.0,23.9
1971,9,Setembre,121.3,20.0
1971,10,Octubre,141.1,16.8
1971,11,Novembre,119.1,8.7
1971,12,Desembre,365.8,9.1
1972,1,Gener,87.4,7.2
1972,2,Febrer,36.8,9.0
1972,3,Març,49.1,10.9
1972,4,Abril,76.5,11.7
1972,5,Maig,138.9,14.4
1972,6,Juny,71.1,17.6
1972,7,Juliol,6.2,21.9
1972,8,Agost,75.9,20.2
1972,9,Setembre,121.2,16.5
1972,10,Octubre,65.8,14.7
1972,11,Novembre,29.5,12.3
1972,12,Desembre,37.1,8.9
1973,1,Gener,15.2,8.2
1973,2,Febrer,3.7,7.9
1973,3,Març,24.4,9.3
1973,4,Abril,54.3,11.3
1973,5,Maig,43.9,16.9
1973,6,Juny,56.3,20.3
1973,7,Juliol,5.7,23.4
1973,8,Agost,49.6,23.9
1973,9,Setembre,77.4,20.3
1973,10,Octubre,4.9,15.3
1973,11,Novembre,16.0,11.6
1973,12,Desembre,105.2,7.7
1974,1,Gener,6.4,9.9
1974,2,Febrer,33.6,8.5
1974,3,Març,110.0,10.1
1974,4,Abril,81.8,11.1
1974,5,Maig,71.9,15.9
1974,6,Juny,39.3,19.4
1974,7,Juliol,8.5,22.9
1974,8,Agost,93.7,22.8
1974,9,Setembre,61.0,18.8
1974,10,Octubre,48.7,11.7
1974,11,Novembre,4.3,11.2
1974,12,Desembre,0.0,9.6
1975,1,Gener,32.1,9.9
1975,2,Febrer,42.4,9.4
1975,3,Març,52.7,8.6
1975,4,Abril,43.1,12.3
1975,5,Maig,67.7,14.8
1975,6,Juny,48.9,18.8
1975,7,Juliol,7.2,23.3
1975,8,Agost,115.7,23.7
1975,9,Setembre,70.0,19.3
1975,10,Octubre,14.5,15.4
1975,11,Novembre,4.7,11.0
1975,12,Desembre,50.4,7.8
1976,1,Gener,6.7,8.2
1976,2,Febrer,81.9,8.8
1976,3,Març,10.2,10.9
1976,4,Abril,26.3,11.7
1976,5,Maig,33.6,16.5
1976,6,Juny,40.9,22.9
1976,7,Juliol,121.2,22.9
1976,8,Agost,196.2,21.5
1976,9,Setembre,36.6,18.4
1976,10,Octubre,41.0,14.4
1976,11,Novembre,23.4,9.6
1976,12,Desembre,90.8,9.3
1977,1,Gener,81.0,8.1
1977,2,Febrer,7.0,11.1
1977,3,Març,49.2,11.8
1977,4,Abril,56.7,12.5
1977,5,Maig,235.1,13.9
1977,6,Juny,95.9,18.0
1977,7,Juliol,77.4,20.4
1977,8,Agost,13.5,20.7
1977,9,Setembre,16.1,19.8
1977,10,Octubre,46.9,17.1
1977,11,Novembre,71.3,11.7
1977,12,Desembre,65.8,9.6
1978,1,Gener,31.7,6.6
1978,2,Febrer,24.4,9.7
1978,3,Març,64.7,11.3
1978,4,Abril,118.5,10.8
1978,5,Maig,23.8,15.2
1978,6,Juny,45.5,18.5
1978,7,Juliol,19.9,21.5
1978,8,Agost,6.3,22.7
1978,9,Setembre,67.0,21.4
1978,10,Octubre,64.5,15.3
1978,11,Novembre,0.4,11.4
1978,12,Desembre,38.2,10.1
1979,1,Gener,262.4,8.0
1979,2,Febrer,12.4,9.5
1979,3,Març,23.7,10.8
1979,4,Abril,17.9,11.7
1979,5,Maig,35.2,16.0
1979,6,Juny,12.7,20.8
1979,7,Juliol,7.5,24.0
1979,8,Agost,20.3,22.4
1979,9,Setembre,92.8,19.7
1979,10,Octubre,210.5,16.0
1979,11,Novembre,31.5,10.8
1979,12,Desembre,37.0,9.1
1980,1,Gener,18.4,7.3
1980,2,Febrer,48.9,10.1
1980,3,Març,20.9,10.7
1980,4,Abril,44.1,11.3
1980,5,Maig,112.2,14.5
1980,6,Juny,76.3,17.7
1980,7,Juliol,16.9,20.5
1980,8,Agost,72.0,23.2
1980,9,Setembre,21.1,21.1
1980,10,Octubre,25.4,15.9
1980,11,Novembre,71.2,10.4
1980,12,Desembre,11.5,6.9
1981,1,Gener,55.9,7.2
1981,2,Febrer,49.9,7.2
1981,3,Març,51.1,13.0
1981,4,Abril,58.2,12.7
1981,5,Maig,43.9,15.2
1981,6,Juny,60.9,20.9
1981,7,Juliol,45.5,21.2
1981,8,Agost,72.7,23.1
1981,9,Setembre,35.6,20.6
1981,10,Octubre,15.8,16.8
1981,11,Novembre,0.0,12.8
1981,12,Desembre,18.8,9.8
1982,1,Gener,57.0,10.4
1982,2,Febrer,163.8,9.2
1982,3,Març,125.1,9.7
1982,4,Abril,9.3,12.8
1982,5,Maig,12.0,15.6
1982,6,Juny,17.7,20.6
1982,7,Juliol,30.5,24.5
1982,8,Agost,95.8,20.9
1982,9,Setembre,10.9,20.3
1982,10,Octubre,64.0,16.0
1982,11,Novembre,122.4,12.0
1982,12,Desembre,5.4,9.1
1983,1,Gener,0.0,9.1
1983,2,Febrer,72.7,6.4
1983,3,Març,22.6,10.8
1983,4,Abril,3.4,13.4
1983,5,Maig,27.7,16.1
1983,6,Juny,37.5,20.8
1983,7,Juliol,0.6,25.8
1983,8,Agost,63.4,22.2
1983,9,Setembre,17.5,21.5
1983,10,Octubre,86.7,17.4
1983,11,Novembre,330.4,12.8
1983,12,Desembre,16.2,9.8
1984,1,Gener,15.5,8.3
1984,2,Febrer,40.9,7.6
1984,3,Març,161.0,9.0
1984,4,Abril,19.5,12.7
1984,5,Maig,146.9,13.5
1984,6,Juny,35.3,19.4
1984,7,Juliol,1.7,23.9
1984,8,Agost,83.1,22.3
1984,9,Setembre,46.3,19.2
1984,10,Octubre,10.6,15.8
1984,11,Novembre,95.5,13.0
1984,12,Desembre,13.4,8.7
1985,1,Gener,17.7,4.3
1985,2,Febrer,15.9,10.7
1985,3,Març,17.5,9.5
1985,4,Abril,55.0,14.0
1985,5,Maig,85.4,14.7
1985,6,Juny,21.2,19.3
1985,7,Juliol,16.4,24.8
1985,8,Agost,2.0,22.6
1985,9,Setembre,2.9,22.8
1985,10,Octubre,145.2,17.6
1985,11,Novembre,67.5,9.7
1985,12,Desembre,17.2,9.6
1986,1,Gener,92.5,7.4
1986,2,Febrer,25.0,7.3
1986,3,Març,28.2,10.8
1986,4,Abril,93.0,10.8
1986,5,Maig,42.1,18.4
1986,6,Juny,11.9,20.4
1986,7,Juliol,29.6,23.7
1986,8,Agost,26.9,23.7
1986,9,Setembre,84.4,21.4
1986,10,Octubre,78.7,17.4
1986,11,Novembre,18.0,12.8
1986,12,Desembre,55.2,9.0
1987,1,Gener,66.8,6.9
1987,2,Febrer,128.5,8.0
1987,3,Març,25.5,9.8
1987,4,Abril,12.8,13.8
1987,5,Maig,48.4,15.1
1987,6,Juny,3.1,19.6
1987,7,Juliol,76.5,23.7
1987,8,Agost,23.1,24.3
1987,9,Setembre,68.4,23.9
1987,10,Octubre,325.4,16.9
1987,11,Novembre,105.1,11.2
1987,12,Desembre,98.7,10.8
1988,1,Gener,143.1,9.5
1988,2,Febrer,0.0,8.6
1988,3,Març,7.8,11.2
1988,4,Abril,75.2,13.1
1988,5,Maig,80.3,16.3
1988,6,Juny,40.1,19.8
1988,7,Juliol,2.0,23.7
1988,8,Agost,28.3,24.3
1988,9,Setembre,75.8,21.2
1988,10,Octubre,56.0,17.8
1988,11,Novembre,152.8,11.8
1988,12,Desembre,0.0,8.8
1989,1,Gener,4.2,8.8
1989,2,Febrer,13.7,10.5
1989,3,Març,31.3,12.4
1989,4,Abril,80.3,11.9
1989,5,Maig,27.3,17.8
1989,6,Juny,29.0,21.2
1989,7,Juliol,3.7,25.0
1989,8,Agost,65.6,24.4
1989,9,Setembre,59.9,20.0
1989,10,Octubre,17.9,17.7
1989,11,Novembre,135.8,12.7
1989,12,Desembre,30.5,11.2
1990,1,Gener,13.7,9.0
1990,2,Febrer,0.0,12.5
1990,3,Març,23.1,12.6
1990,4,Abril,83.3,12.3
1990,5,Maig,72.2,18.1
1990,6,Juny,45.9,20.1
1990,7,Juliol,8.0,24.2
1990,8,Agost,26.6,24.6
1990,9,Setembre,57.7,21.5
1990,10,Octubre,173.7,17.1
1990,11,Novembre,76.0,10.9
1990,12,Desembre,17.9,6.7
1991,1,Gener,41.8,8.1
1991,2,Febrer,69.6,8.0
1991,3,Març,93.8,11.8
1991,4,Abril,41.8,11.5
1991,5,Maig,148.1,14.0
1991,6,Juny,5.6,19.7
1991,7,Juliol,4.8,24.3
1991,8,Agost,67.3,24.6
1991,9,Setembre,39.1,22.0
1991,10,Octubre,74.5,15.1
1991,11,Novembre,64.9,10.9
1991,12,Desembre,168.0,8.5
1992,1,Gener,47.5,7.1
1992,2,Febrer,8.7,8.9
1992,3,Març,26.7,11.0
1992,4,Abril,26.3,13.7
1992,5,Maig,103.1,17.7
1992,6,Juny,162.3,17.6
1992,7,Juliol,61.4,22.5
1992,8,Agost,45.4,24.3
1992,9,Setembre,24.2,20.5
1992,10,Octubre,70.5,14.4
1992,11,Novembre,0.3,13.4
1992,12,Desembre,18.9,9.2
1993,1,Gener,0.0,9.0
1993,2,Febrer,25.2,8.2
1993,3,Març,96.2,10.2
1993,4,Abril,98.5,12.8
1993,5,Maig,25.0,17.0
1993,6,Juny,8.4,21.5
1993,7,Juliol,21.6,22.6
1993,8,Agost,59.1,24.3
1993,9,Setembre,248.1,19.6
1993,10,Octubre,63.2,14.5
1993,11,Novembre,31.3,10.5
1993,12,Desembre,0.0,9.3
1994,1,Gener,15.4,8.4
1994,2,Febrer,48.2,9.5
1994,3,Març,59.0,13.1
1994,4,Abril,42.4,12.3
1994,5,Maig,42.2,17.2
1994,6,Juny,44.6,20.9
1994,7,Juliol,0.3,25.9
1994,8,Agost,4.9,25.7
1994,9,Setembre,272.5,19.7
1994,10,Octubre,156.7,16.1
1994,11,Novembre,49.9,14.0
1994,12,Desembre,9.6,9.7
1995,1,Gener,9.4,8.6
1995,2,Febrer,12.6,11.5
1995,3,Març,7.2,10.9
1995,4,Abril,35.4,14.0
1995,5,Maig,24.5,17.2
1995,6,Juny,30.3,19.6
1995,7,Juliol,4.8,25.0
1995,8,Agost,68.7,23.3
1995,9,Setembre,142.2,18.7
1995,10,Octubre,18.8,18.3
1995,11,Novembre,65.8,12.9
1995,12,Desembre,84.4,10.1
1996,1,Gener,128.0,10.2
1996,2,Febrer,27.6,7.7
1996,3,Març,55.9,9.9
1996,4,Abril,119.5,13.2
1996,5,Maig,68.4,16.2
1996,6,Juny,89.2,21.2
1996,7,Juliol,1.0,23.4
1996,8,Agost,43.4,22.7
1996,9,Setembre,73.4,18.3
1996,10,Octubre,110.9,15.8
1996,11,Novembre,137.1,11.4
1996,12,Desembre,128.0,9.7
1997,1,Gener,152.1,8.7
1997,2,Febrer,0.2,11.4
1997,3,Març,5.2,13.9
1997,4,Abril,62.3,14.1
1997,5,Maig,10.0,17.6
1997,6,Juny,60.7,20.2
1997,7,Juliol,26.3,22.5
1997,8,Agost,24.9,24.6
1997,9,Setembre,26.5,21.7
1997,10,Octubre,32.4,18.9
1997,11,Novembre,52.9,12.6
1997,12,Desembre,118.5,9.3
1998,1,Gener,85.0,8.8
1998,2,Febrer,6.4,11.0
1998,3,Març,8.3,12.2
1998,4,Abril,14.8,12.7
1998,5,Maig,13.6,17.7
1998,6,Juny,9.6,20.9
1998,7,Juliol,4.1,23.7
1998,8,Agost,49.8,24.3
1998,9,Setembre,87.3,20.7
1998,10,Octubre,71.0,15.9
1998,11,Novembre,9.6,10.8
1998,12,Desembre,125.6,8.7
1999,1,Gener,49.0,8.8
1999,2,Febrer,0.4,8.6
1999,3,Març,14.4,11.6
1999,4,Abril,29.0,13.7
1999,5,Maig,35.6,18.6
1999,6,Juny,15.6,20.5
1999,7,Juliol,10.5,23.4
1999,8,Agost,5.3,24.6
1999,9,Setembre,171.7,21.7
1999,10,Octubre,116.1,17.0
1999,11,Novembre,61.6,9.6
1999,12,Desembre,12.2,9.0
2000,1,Gener,26.6,7.7
2000,2,Febrer,1.1,11.4
2000,3,Març,47.5,12.6
2000,4,Abril,80.4,13.3
2000,5,Maig,85.4,18.3
2000,6,Juny,17.2,21.0
2000,7,Juliol,1.9,22.8
2000,8,Agost,13.7,24.5
2000,9,Setembre,56.4,21.0
2000,10,Octubre,61.1,16.0
2000,11,Novembre,13.9,11.3
2000,12,Desembre,63.9,11.0
2001,1,Gener,84.2,9.9
2001,2,Febrer,21.0,10.1
2001,3,Març,17.1,14.8
2001,4,Abril,34.0,13.8
2001,5,Maig,31.9,18.2
2001,6,Juny,3.0,21.9
2001,7,Juliol,80.4,23.7
2001,8,Agost,16.4,25.0
2001,9,Setembre,48.7,19.6
2001,10,Octubre,36.8,19.4
2001,11,Novembre,67.8,10.7
2001,12,Desembre,31.0,6.8
2002,1,Gener,46.3,9.2
2002,2,Febrer,20.3,11.1
2002,3,Març,85.7,12.3
2002,4,Abril,113.6,13.7
2002,5,Maig,122.9,15.5
2002,6,Juny,37.4,22.3
2002,7,Juliol,125.9,22.9
2002,8,Agost,97.7,21.6
2002,9,Setembre,33.6,19.9
2002,10,Octubre,161.9,17.4
2002,11,Novembre,65.7,13.0
2002,12,Desembre,52.5,10.4
2003,1,Gener,24.6,7.9
2003,2,Febrer,154.5,7.1
2003,3,Març,15.8,12.1
2003,4,Abril,16.5,14.0
2003,5,Maig,52.9,18.0
2003,6,Juny,0.0,25.6
2003,7,Juliol,4.3,26.1
2003,8,Agost,31.4,28.5
2003,9,Setembre,97.9,20.8
2003,10,Octubre,150.8,15.2
2003,11,Novembre,16.6,12.7
2003,12,Desembre,36.0,8.8
2004,1,Gener,2.6,9.4
2004,2,Febrer,107.1,8.6
2004,3,Març,68.2,10.0
2004,4,Abril,128.9,12.8
2004,5,Maig,36.6,16.2
2004,6,Juny,14.5,22.4
2004,7,Juliol,32.1,23.5
2004,8,Agost,12.0,25.1
2004,9,Setembre,71.1,21.4
2004,10,Octubre,27.9,18.9
2004,11,Novembre,9.8,11.4
2004,12,Desembre,77.6,9.3
2005,1,Gener,0.0,7.2
2005,2,Febrer,55.6,6.5
2005,3,Març,18.3,10.2
2005,4,Abril,14.1,14.0
2005,5,Maig,33.3,18.8
2005,6,Juny,11.5,23.4
2005,7,Juliol,7.8,24.4
2005,8,Agost,41.7,23.0
2005,9,Setembre,105.6,20.7
2005,10,Octubre,127.1,17.9
2005,11,Novembre,140.3,11.1
2005,12,Desembre,3.1,6.6
2006,1,Gener,150.4,7.4
2006,2,Febrer,19.1,8.5
2006,3,Març,18.2,12.0
2006,4,Abril,7.2,15.1
2006,5,Maig,3.0,18.7
2006,6,Juny,1.5,22.1
2006,7,Juliol,0.1,27.1
2006,8,Agost,43.7,22.8
2006,9,Setembre,154.1,21.6
2006,10,Octubre,37.9,18.8
2006,11,Novembre,1.5,14.6
2006,12,Desembre,37.9,10.0
2007,1,Gener,6.2,9.9
2007,2,Febrer,35.3,11.4
2007,3,Març,19.3,12.1
2007,4,Abril,119.6,15.0
2007,5,Maig,36.3,17.9
2007,6,Juny,0.0,22.0
2007,7,Juliol,0.7,23.6
2007,8,Agost,91.7,22.5
2007,9,Setembre,9.9,20.6
2007,10,Octubre,157.9,16.4
2007,11,Novembre,1.0,11.2
2007,12,Desembre,15.7,8.8
2008,1,Gener,29.8,10.1
2008,2,Febrer,36.5,10.2
2008,3,Març,25.6,10.8
2008,4,Abril,24.3,13.7
2008,5,Maig,120.9,16.6
2008,6,Juny,36.9,20.7
2008,7,Juliol,55.9,23.8
2008,8,Agost,11.8,24.3
2008,9,Setembre,25.8,20.7
2008,10,Octubre,83.2,16.5
2008,11,Novembre,51.6,10.3
2008,12,Desembre,96.8,7.5
2009,1,Gener,68.9,7.2
2009,2,Febrer,41.5,8.7
2009,3,Març,74.1,11.2
2009,4,Abril,88.8,13.1
2009,5,Maig,15.0,18.8
2009,6,Juny,6.8,23.0
2009,7,Juliol,45.0,24.4
2009,8,Agost,0.4,26.3
2009,9,Setembre,29.3,21.5
2009,10,Octubre,103.8,17.9
2009,11,Novembre,4.8,13.5
2009,12,Desembre,45.9,9.0
2010,1,Gener,62.4,6.6
2010,2,Febrer,95.9,8.0
2010,3,Març,76.9,9.6
2010,4,Abril,24.1,14.1
2010,5,Maig,154.1,15.4
2010,6,Juny,35.7,20.3
2010,7,Juliol,13.0,25.7
2010,8,Agost,24.5,24.3
2010,9,Setembre,95.5,20.9
2010,10,Octubre,91.5,16.2
2010,11,Novembre,14.2,11.0
2010,12,Desembre,32.8,8.5
2011,1,Gener,41.6,8.4
2011,2,Febrer,24.4,10.0
2011,3,Març,185.2,10.9
2011,4,Abril,18.4,15.9
2011,5,Maig,89.1,18.3
2011,6,Juny,109.4,19.5
2011,7,Juliol,104.8,21.2
2011,8,Agost,0.8,24.1
2011,9,Setembre,7.3,22.9
2011,10,Octubre,81.4,19.1
2011,11,Novembre,203.1,14.1
2011,12,Desembre,0.0,10.2
2012,1,Gener,4.8,9.4
2012,2,Febrer,11.1,6.8
2012,3,Març,33.0,13.4
2012,4,Abril,83.2,12.6
2012,5,Maig,33.4,17.9
2012,6,Juny,2.9,22.3
2012,7,Juliol,21.9,23.2
2012,8,Agost,17.4,26.0
2012,9,Setembre,81.6,21.4
2012,10,Octubre,145.9,17.3
2012,11,Novembre,38.8,12.7
2012,12,Desembre,5.7,9.9
2013,1,Gener,32.5,9.1
2013,2,Febrer,35.7,7.7
2013,3,Març,137.0,11.2
2013,4,Abril,90.4,13.5
2013,5,Maig,67.4,14.6
2013,6,Juny,19.0,19.5
2013,7,Juliol,14.9,25.6
2013,8,Agost,5.0,24.9
2013,9,Setembre,22.6,22.0
2013,10,Octubre,28.8,19.5
2013,11,Novembre,110.5,12.2
2013,12,Desembre,16.2,10.1
2014,1,Gener,43.0,9.8
2014,2,Febrer,22.8,10.1
2014,3,Març,30.0,12.3
2014,4,Abril,76.5,15.3
2014,5,Maig,50.8,16.2
2014,6,Juny,27.8,21.7
2014,7,Juliol,85.0,22.6
2014,8,Agost,25.1,23.0
2014,9,Setembre,155.6,22.0
2014,10,Octubre,10.2,19.6
2014,11,Novembre,143.0,13.6
2014,12,Desembre,22.6,9.1
2015,1,Gener,13.5,9.1
2015,2,Febrer,11.3,8.2
2015,3,Març,48.0,12.0
2015,4,Abril,12.5,14.8
2015,5,Maig,53.2,19.1
2015,6,Juny,10.8,23.2
2015,7,Juliol,26.2,26.0
2015,8,Agost,41.0,23.5
2015,9,Setembre,60.7,19.7
2015,10,Octubre,29.6,16.7
2015,11,Novembre,38.7,14.3
2015,12,Desembre,0.3,12.6
2016,1,Gener,1.1,10.7
2016,2,Febrer,39.9,11.3
2016,3,Març,44.2,11.1
2016,4,Abril,68.1,13.6
2016,5,Maig,28.7,16.4
2016,6,Juny,19.4,21.6
2016,7,Juliol,16.9,24.9
2016,8,Agost,17.6,24.5
2016,9,Setembre,95.7,22.3
2016,10,Octubre,75.8,17.1
2016,11,Novembre,38.5,12.7
2016,12,Desembre,34.3,11.5
2017,1,Gener,32.0,7.9
2017,2,Febrer,31.2,11.4
2017,3,Març,136.4,13.3
2017,4,Abril,48.1,14.2
2017,5,Maig,20.4,18.3
2017,6,Juny,25.9,23.6
2017,7,Juliol,7.2,24.2
2017,8,Agost,17.4,24.5
2017,9,Setembre,53.3,19.5
2017,10,Octubre,128.2,18.6
2017,11,Novembre,15.2,12.5
2017,12,Desembre,3.1,8.5
2018,1,Gener,63.6,10.5
2018,2,Febrer,104.6,6.7
2018,3,Març,112.5,10.8
2018,4,Abril,83.0,14.7
2018,5,Maig,30.3,17.1
2018,6,Juny,53.1,21.5
2018,7,Juliol,51.5,25.3
2018,8,Agost,36.5,25.8
2018,9,Setembre,44.4,22.5
2018,10,Octubre,201.9,17.0
2018,11,Novembre,201.8,12.4
2018,12,Desembre,4.8,11.1
2019,1,Gener,18.2,8.1
2019,2,Febrer,4.6,11.9
2019,3,Març,0.3,13.5
2019,4,Abril,36.2,13.4
2019,5,Maig,109,15.6
2019,6,Juny,19.3,21.9
2019,7,Juliol,75.8,25.4
2019,8,Agost,23.1,25.1
2019,9,Setembre,71.5,21.8
2019,10,Octubre,83.2,18.5
2019,11,Novembre,39.4,11.9
2019,12,Desembre,119.2,11.2
2020,1,Gener,89.3,10.0
2020,2,Febrer,2.8,12.8
2020,3,Març,61.6,11.9
2020,4,Abril,258.7,14.3
2020,5,Maig,29.2,19.4
2020,6,Juny,69.1,20.1
2020,7,Juliol,23.1,25
2020,8,Agost,12.4,25.5
2020,9,Setembre,60.2,21.7
2020,10,Octubre,23.1,16.4
2020,11,Novembre,52.5,14.7
2020,12,Desembre,41.5,9.3
2021,1,Gener,26.2,7.7
2021,2,Febrer,26.5,11.6
2021,3,Març,7.7,12.1
2021,4,Abril,62.7,12.9
2021,5,Maig,13.4,17.3
2021,6,Juny,7.8,23.3
2021,7,Juliol,9.0,24.8
2021,8,Agost,8.3,24.5
2021,9,Setembre,23.3,23.0
2021,10,Octubre,63.0,18.1
2021,11,Novembre,75.9,11.3
2021,12,Desembre,3.8,10.9
2022,1,Gener,12.3,10.2
2022,2,Febrer,1.9,11.8
2022,3,Març,89.5,10.8
2022,4,Abril,38.9,14.1
2022,5,Maig,20.0,20.7
2022,6,Juny,9.5,24.7
2022,7,Juliol,2.7,26.7
2022,8,Agost,67.9,27.2
2022,9,Setembre,13.1,22.5
2022,10,Octubre,11.3,20.7
2022,11,Novembre,7.6,15.2
2022,12,Desembre,33,12.6
